columna,valor_roto,reparado,filas
producto,Dolo-neurobi?n Forte,Dolo-neurobión Forte,1712
producto,Keflex Pedi?trico,Keflex Pediátrico,412
producto,Venda El?stica,Venda Elástica,4303
producto,Az?car,Azúcar,7494
producto,Jab?n de Tocador,Jabón de Tocador,8337
producto,Limpiador L?quido P/piso,Limpiador Líquido P/piso,4185
producto,Shampoo ?ntimo,Shampoo Íntimo,717
producto,Losart?n,Losartán,816
producto,L?piz,Lápiz,2977
producto,Ch?a,Chía,1020
producto,Producto L?cteo,Producto Lácteo,1800
producto,Sustituto de Az?car,Sustituto de Azúcar,1391
producto,At?n,Atún,14026
producto,C?maras Digitales,Cámaras Digitales,369
producto,Br?coli,Brócoli,1081
producto,Coctel de Frutas en Alm?bar,Coctel de Frutas en Almíbar,1355
producto,Crema S?lida,Crema Sólida,4341
producto,Harina de Ma?z,Harina de Maíz,2455
producto,Jam?n,Jamón,16263
producto,Olla de Presi?n Express,Olla de Presión Express,1136
producto,C?rcuma,Cúrcuma,435
producto,Producto para Depilaci?n,Producto para Depilación,1834
producto,Computadoras Port?tiles,Computadoras Portátiles,752
producto,Ch?charos,Chícharos,397
producto,Guantes de L?tex,Guantes de Látex,3385
producto,Guarnici?n de Verduras,Guarnición de Verduras,687
producto,Per?n,Perón,400
producto,Bol?grafo Colores Varios,Bolígrafo Colores Varios,1998
producto,L?piz Adhesivo,Lápiz Adhesivo,2517
producto,Crema L?quida,Crema Líquida,6594
producto,Videoc?maras,Videocámaras,565
producto,Jaib?n,Jaibón,28
producto,Ma?z Pozolero,Maíz Pozolero,806
producto,Sand?a,Sandía,1164
producto,Gluc?metro,Glucómetro,1632
producto,Juego de Geometr?a,Juego de Geometría,1408
producto,Guan?bana,Guanábana,148
producto,Réplica de Bal?n,Réplica de Balón,53
producto,N?cleo C.m.p. Forte,Núcleo C.m.p. Forte,675
producto,Algod?n,Algodón,2751
producto,Pl?tano,Plátano,3533
producto,Bocinas Port?tiles,Bocinas Portátiles,2583
producto,Ch?charos en Lata,Chícharos en Lata,1908
producto,Duraznos en Alm?bar,Duraznos en Almíbar,1439
producto,Electr?nicos de Video,Electrónicos de Video,3431
producto,J?cama,Jícama,1234
producto,Piña en Alm?bar,Piña en Almíbar,1925
producto,F?rmula L?ctea,Fórmula Láctea,1495
producto,Minibocinas Port?tiles Bluetooth,Minibocinas Portátiles Bluetooth,983
producto,Suerox. 0 Az?car,Suerox. 0 Azúcar,1274
producto,Bol?grafo Tinta Negra,Bolígrafo Tinta Negra,2859
producto,P?mpano,Pámpano,29
producto,Acido F?lico,Acido Fólico,537
producto,Term?metro,Termómetro,3009
producto,Mel?n,Melón,1585
producto,Ch?charo,Chícharo,94
producto,Dolo-neurobi?n,Dolo-neurobión,1113
producto,Ma?z Palomero,Maíz Palomero,1305
producto,Camar?n,Camarón,1280
producto,R?bano,Rábano,897
producto,Salm?n,Salmón,290
producto,Bolsa Reutilizable Caliente/fr?o,Bolsa Reutilizable Caliente/frío,35
producto,Toallita H?meda Limpiadora,Toallita Húmeda Limpiadora,2999
producto,L?mpara Ahorradora,Lámpara Ahorradora,328
producto,Caz?n,Cazón,139
producto,Bal?n Oficial,Balón Oficial,8
producto,Lim?n,Limón,4256
producto,Tortilla de Ma?z,Tortilla de Maíz,5914
producto,Ajonjol?,Ajonjolí,630
producto,Floretes de Br?coli,Floretes de Brócoli,581
producto,Ox?metro,Oxímetro,1017
producto,Jab?n de Pasta,Jabón de Pasta,5311
producto,Tostadas de Ma?z,Tostadas de Maíz,1388
producto,Jab?n de Tocador para Bebé,Jabón de Tocador para Bebé,3410
producto,Sistema Gb. Soluci?n Alopecia,Sistema Gb. Solución Alopecia,599
presentacion,Paquete 500 Hojas. Tamaño Carta. 75 G/m2. Premium Multiprop?sito,Paquete 500 Hojas. Tamaño Carta. 75 G/m2. Premium Multipropósito,78
presentacion,Caja con 5 Ampolletas. Soluci?n 3 Ml. Bebible,Caja con 5 Ampolletas. Solución 3 Ml. Bebible,861
presentacion,Caja con 24 C?psulas de 50 Mg./3 Mg./300 Mg.,Caja con 24 Cápsulas de 50 Mg./3 Mg./300 Mg.,542
presentacion,Caja con 30 C?psulas,Caja con 30 Cápsulas,1770
presentacion,Caja con Frasco ?mpula con Polvo y Ampolleta con Diluyente de 4 Ml. Soluci?n Inyectable 1 G. I.m,Caja con Frasco Ámpula con Polvo y Ampolleta con Diluyente de 4 Ml. Solución Inyectable 1 G. I.m,473
presentacion,Caja con 2 Ampolletas No. 1 de 1 Ml. y 2 Ampolletas No. 2 de 2 Ml. Soluci?n Inyectable,Caja con 2 Ampolletas No. 1 de 1 Ml. y 2 Ampolletas No. 2 de 2 Ml. Solución Inyectable,124
presentacion,Caja con 30 C?psulas de 300 Mg./100 Mg./0.200 Mg.,Caja con 30 Cápsulas de 300 Mg./100 Mg./0.200 Mg.,716
presentacion,Caja con Frasco Gotero con 15 Ml. Soluci?n 1.8 Mg./1 Mg./ml.,Caja con Frasco Gotero con 15 Ml. Solución 1.8 Mg./1 Mg./ml.,814
presentacion,64650. Pedestal y Manual. 6 Velocidades. Taz?n Acero Inoxidable,64650. Pedestal y Manual. 6 Velocidades. Tazón Acero Inoxidable,571
presentacion,Botella 335 Gr. (pl?stico),Botella 335 Gr. (plástico),900
presentacion,Blstpeg-rpb o Blstpeg-rpb-013. Velocidades 6 + 1. Base Pl?stico. Vaso Vidrio. Color Roja,Blstpeg-rpb o Blstpeg-rpb-013. Velocidades 6 + 1. Base Plástico. Vaso Vidrio. Color Roja,607
presentacion,Caja 1 Lt. Ultrapasteurizada. con Grasa Vegetal. Cl?sica,Caja 1 Lt. Ultrapasteurizada. con Grasa Vegetal. Clásica,1195
presentacion,"Gt 24 Bs (silver). 2 Puertas, 1 Vertical y 1 Horizontal. Deshielo Autom?tico Ajustable","Gt 24 Bs (silver). 2 Puertas, 1 Vertical y 1 Horizontal. Deshielo Automático Ajustable",343
presentacion,Caja 12 Piezas. Unika. S?per Plus. Flujo S?per Abundante,Caja 12 Piezas. Unika. Súper Plus. Flujo Súper Abundante,970
presentacion,Bolsa 28 Piezas. Nocturna. Extra Larga. con Alas. Flujo S?per Abundante,Bolsa 28 Piezas. Nocturna. Extra Larga. con Alas. Flujo Súper Abundante,348
presentacion,Moto G06. Android 15/memoria Interna 128 Gb. C?mara 50 Mp/frontal 8 Mp. 6.8 Plgs. Micro Sd Hasta 1 Tb,Moto G06. Android 15/memoria Interna 128 Gb. Cámara 50 Mp/frontal 8 Mp. 6.8 Plgs. Micro Sd Hasta 1 Tb,529
presentacion,Wm 1811 B. 1.1 Pies C?bicos. Color Negro,Wm 1811 B. 1.1 Pies Cúbicos. Color Negro,201
presentacion,"Cj 45. Cd?s 1 (mp3, Usb, Bluetooth). Potencia 8100 W (pmpo)","Cj 45. Cd´s 1 (mp3, Usb, Bluetooth). Potencia 8100 W (pmpo)",131
presentacion,Lrgl 5841 S. Frente 30 Plgs. 5 Quemadores. Encendido Electr?nico. Color Acero,Lrgl 5841 S. Frente 30 Plgs. 5 Quemadores. Encendido Electrónico. Color Acero,104
presentacion,Galaxy A36 5g. Android 15/memoria Interna 128 Gb. C?mara 50 Mp/frontal 12 Mp. 6.7 Plgs.,Galaxy A36 5g. Android 15/memoria Interna 128 Gb. Cámara 50 Mp/frontal 12 Mp. 6.7 Plgs.,321
presentacion,Bolsa 10 Piezas. Buenas Noches. Ultra Invisible. Nocturna. Extra Largas con Alas. Flujo S?per Abundante,Bolsa 10 Piezas. Buenas Noches. Ultra Invisible. Nocturna. Extra Largas con Alas. Flujo Súper Abundante,947
presentacion,Caja 424 Gr. Habaneras. Cl?sica,Caja 424 Gr. Habaneras. Clásica,689
presentacion,Blstkap-wpb o Blstkap-wpb-013. Velocidades 2 + 1 Pulso. Base Pl?stico. Vaso Vidrio. Color Blanca,Blstkap-wpb o Blstkap-wpb-013. Velocidades 2 + 1 Pulso. Base Plástico. Vaso Vidrio. Color Blanca,207
presentacion,Caja con 30 C?psulas de 300 Mg.,Caja con 30 Cápsulas de 300 Mg.,484
presentacion,Caja con 6 Tabletas o C?psulas de 500 Mg.,Caja con 6 Tabletas o Cápsulas de 500 Mg.,131
presentacion,2 Cajas con 14 C?psulas de 20 Mg. C/u,2 Cajas con 14 Cápsulas de 20 Mg. C/u,595
presentacion,Caja con 25 Sobres (1.2 Gr. C/u). Lim?n,Caja con 25 Sobres (1.2 Gr. C/u). Limón,457
presentacion,Blister 2 Piezas. Migaj?n,Blister 2 Piezas. Migajón,202
presentacion,62620. Manual. 6 Velocidades. Sin Taz?n,62620. Manual. 6 Velocidades. Sin Tazón,17
presentacion,"Ek- 3131 Nd- Ichic, 30 Plgs. 6 Quemadores, Encendido Electr?nico. Color Negro","Ek- 3131 Nd- Ichic, 30 Plgs. 6 Quemadores, Encendido Electrónico. Color Negro",107
presentacion,Paquete 1 Kg. Ma?z Blanco. Nixtamalizado,Paquete 1 Kg. Maíz Blanco. Nixtamalizado,353
presentacion,Botella 500 Ml. Et?lico Desnaturalizado,Botella 500 Ml. Etílico Desnaturalizado,88
presentacion,Gcstcs-412 o Gcstcs-412-013. Vapor. Suela Cer?mica,Gcstcs-412 o Gcstcs-412-013. Vapor. Suela Cerámica,25
presentacion,Bolsa Pl?stico 1 Kg. Est?ndar Morena,Bolsa Plástico 1 Kg. Estándar Morena,20
presentacion,"Blister o Caja 1 Pieza. Cient?fica. Fx-991 Ms. 2nd Edition. Preparatoria, Universidad","Blister o Caja 1 Pieza. Científica. Fx-991 Ms. 2nd Edition. Preparatoria, Universidad",63
presentacion,Blister 1 Pieza.cient?fica. Ca-83,Blister 1 Pieza.científica. Ca-83,98
presentacion,Bolsa Pl?stico 2 Kg. Est?ndar Morena,Bolsa Plástico 2 Kg. Estándar Morena,24
presentacion,1 Kg. Granel. Blanca con C?scara,1 Kg. Granel. Blanca con Cáscara,27
presentacion,Bolsa 1 Pieza. Pl?stico Transparente. 30 Cm. Clave 3382,Bolsa 1 Pieza. Plástico Transparente. 30 Cm. Clave 3382,7
presentacion,Caja 1 Pieza. B?sica. Mc1000,Caja 1 Pieza. Básica. Mc1000,13
presentacion,Bolsa Pl?stico 2 Kg. Morena,Bolsa Plástico 2 Kg. Morena,2
presentacion,Caja o Paquete 20 Piezas. Plum?n Delgado. Mod. 58-8106,Caja o Paquete 20 Piezas. Plumín Delgado. Mod. 58-8106,567
presentacion,"Pieza. 110,000 Sin?nimos y 18,000 Ant?nimos. Pasta Flexible. C.b. 200277","Pieza. 110,000 Sinónimos y 18,000 Antónimos. Pasta Flexible. C.b. 200277",129
presentacion,"Frasco Gotero 24 Ml. 1.000 G., Soluci?n Gotas","Frasco Gotero 24 Ml. 1.000 G., Solución Gotas",791
presentacion,Frasco Gotero con 30 Ml. Pedi?trico,Frasco Gotero con 30 Ml. Pediátrico,745
presentacion,Caja con 1 C?psula de 150 Mg.,Caja con 1 Cápsula de 150 Mg.,546
presentacion,Vaso 64 Gr. Sopa Instant?nea. Sabor a Pollo,Vaso 64 Gr. Sopa Instantánea. Sabor a Pollo,1030
presentacion,Lata 140 Gr. (cl?sico). Aleta Amarilla en Hojuelas en Agua con Aceite,Lata 140 Gr. (clásico). Aleta Amarilla en Hojuelas en Agua con Aceite,557
presentacion,Bolsa 90 Gr. Chicharr?n. 100% de Cerdo Natural,Bolsa 90 Gr. Chicharrón. 100% de Cerdo Natural,75
presentacion,1 Kg. Granel. Tabasco/chiapas/roat?n/portalim?n,1 Kg. Granel. Tabasco/chiapas/roatán/portalimón,2464
presentacion,Ln8221mx. Velocidades 12. Base Pl?stico. Vaso Vidrio. Color Blanca,Ln8221mx. Velocidades 12. Base Plástico. Vaso Vidrio. Color Blanca,145
presentacion,Ek-3131 Fd-iirle. 30 Plgs. 6 Quemadores. Encendido Electr?nico. Color Acero,Ek-3131 Fd-iirle. 30 Plgs. 6 Quemadores. Encendido Electrónico. Color Acero,287
presentacion,Wm 1811 D. 1.1 Pies C?bicos. Color Gris/espejo,Wm 1811 D. 1.1 Pies Cúbicos. Color Gris/espejo,127
presentacion,Blstpeg-cpb o Blstpeg-cpb-013. Velocidad 6 + 1. Base Pl?stico. Vaso Vidrio. Color Roja,Blstpeg-cpb o Blstpeg-cpb-013. Velocidad 6 + 1. Base Plástico. Vaso Vidrio. Color Roja,339
presentacion,"Vt 40 Bjb (beige). 395 Dm3. 2 Puertas, Horizontal y Vertical. Deshielo Autom?tico Ajustable","Vt 40 Bjb (beige). 395 Dm3. 2 Puertas, Horizontal y Vertical. Deshielo Automático Ajustable",64
presentacion,Botella 765 Ml. Ma?z,Botella 765 Ml. Maíz,341
presentacion,De Pist?n. Modelo Nb-220c. Caja 1 Pieza,De Pistón. Modelo Nb-220c. Caja 1 Pieza,310
presentacion,Bolsa 10 Piezas. Unika. Nocturna. con Alas. Flujo S?per Abundante,Bolsa 10 Piezas. Unika. Nocturna. con Alas. Flujo Súper Abundante,595
presentacion,Lata 130 Gr. (cl?sico). en Hojuelas en Agua con Aceite,Lata 130 Gr. (clásico). en Hojuelas en Agua con Aceite,113
presentacion,Ms 1536 Gis. 1.5 Pies C?bicos. Color Negro,Ms 1536 Gis. 1.5 Pies Cúbicos. Color Negro,125
presentacion,"Rms 400 Iv (mrm0) (silver). 398 L. 2 Puertas, Horizontal y Vertical. Deshielo Autom?tico Ajustable","Rms 400 Iv (mrm0) (silver). 398 L. 2 Puertas, Horizontal y Vertical. Deshielo Automático Ajustable",188
presentacion,Caja con 10 C?psulas de 400 Mg.,Caja con 10 Cápsulas de 400 Mg.,651
presentacion,Caja con Frasco con 100 C?psulas,Caja con Frasco con 100 Cápsulas,235
presentacion,Caja con 14 C?psulas de 40 Mg.,Caja con 14 Cápsulas de 40 Mg.,619
presentacion,"Gf 22 Bgsk (silver). 618 Dm3. 3 Puertas, 2 Verticales y 1 Horizontal. Deshielo Autom?tico Ajustable","Gf 22 Bgsk (silver). 618 Dm3. 3 Puertas, 2 Verticales y 1 Horizontal. Deshielo Automático Ajustable",108
presentacion,Bolsa Pl?stico 1.8 Kg. Est?ndar,Bolsa Plástico 1.8 Kg. Estándar,63
presentacion,Bote Pl?stico 28 Ceras. Jumbo. C.b. 201539,Bote Plástico 28 Ceras. Jumbo. C.b. 201539,396
presentacion,Caja con Barra 90 Gr. Humectaci?n Enriquecida,Caja con Barra 90 Gr. Humectación Enriquecida,346
presentacion,Fpsthb2615r o Fpsthb2615r-013. de Inmersi?n. Velocidad Variable. Sin Taz?n,Fpsthb2615r o Fpsthb2615r-013. de Inmersión. Velocidad Variable. Sin Tazón,68
presentacion,1 Kg. Granel. Chico o Raci?n. del Golfo. Fresco,1 Kg. Granel. Chico o Ración. del Golfo. Fresco,49
presentacion,"Rma 250 Pvmr (e0) (grafito). 251.2 Dm3. 2 Puertas, Horizontal y Vertical. Deshielo Autom?tico Ajustable","Rma 250 Pvmr (e0) (grafito). 251.2 Dm3. 2 Puertas, Horizontal y Vertical. Deshielo Automático Ajustable",37
presentacion,Bolsa 10 Piezas. Invisible Nocturna. Extra Largas. Flujo S?per Abundante,Bolsa 10 Piezas. Invisible Nocturna. Extra Largas. Flujo Súper Abundante,22
presentacion,"Pza. Pasta Flexible. Español/ingles. M?s de 80,000 Traducciones","Pza. Pasta Flexible. Español/ingles. Más de 80,000 Traducciones",52
presentacion,Mmdhf16s2ss. 1.6 Pies C?bicos. Color Negro/acero,Mmdhf16s2ss. 1.6 Pies Cúbicos. Color Negro/acero,9
presentacion,Bolsa Pl?stico 1 Kg. Refinada,Bolsa Plástico 1 Kg. Refinada,18
presentacion,1 Kg. Granel. de Pierna. Virginia. 14% Prote?nas,1 Kg. Granel. de Pierna. Virginia. 14% Proteínas,3
presentacion,Caja con 20 C?psulas de 100 Mg.,Caja con 20 Cápsulas de 100 Mg.,953
presentacion,Caja con 10 Frascos con 7 Ml. 400 Mg./7ml. Soluci?n,Caja con 10 Frascos con 7 Ml. 400 Mg./7ml. Solución,780
presentacion,Caja con 16 C?psulas de 100 Mg./300 Mg.,Caja con 16 Cápsulas de 100 Mg./300 Mg.,714
presentacion,Caja con 12 C?psulas o Tabletas de 500 Mg.,Caja con 12 Cápsulas o Tabletas de 500 Mg.,114
presentacion,Caja con 24 C?psulas,Caja con 24 Cápsulas,888
presentacion,Caja con 10 Ampolletas de 5 Ml. Suplemento Alimenticio. Soluci?n Oral,Caja con 10 Ampolletas de 5 Ml. Suplemento Alimenticio. Solución Oral,722
presentacion,Caja con 10 C?psulas de 10 Mg.,Caja con 10 Cápsulas de 10 Mg.,712
presentacion,Botella 700 Ml. Restauraci?n,Botella 700 Ml. Restauración,1830
presentacion,Botella 480 Ml. Et?lico Desnaturalizado. 70°,Botella 480 Ml. Etílico Desnaturalizado. 70°,440
presentacion,Emh 7602 Jbs0b o Jbs0a o Jbs0c. 30 Plgs. 6 Quemadores. Encendido Electr?nico. Color Negro,Emh 7602 Jbs0b o Jbs0a o Jbs0c. 30 Plgs. 6 Quemadores. Encendido Electrónico. Color Negro,652
presentacion,Blstpeg-bpb o Blstpeg-bpb-013. Velocidad 6 + 1. Base Pl?stico. Vaso Vidrio. Color Negra,Blstpeg-bpb o Blstpeg-bpb-013. Velocidad 6 + 1. Base Plástico. Vaso Vidrio. Color Negra,246
presentacion,Cfn-2020. 20 Plgs. Piso con Opci?n de Pared. 3 Velocidades,Cfn-2020. 20 Plgs. Piso con Opción de Pared. 3 Velocidades,203
presentacion,1 Kg. Granel. Imitaci?n Queso Oaxaca,1 Kg. Granel. Imitación Queso Oaxaca,549
presentacion,Ms 2097 Hst. 2.0 Pies C?bicos. Color Negro,Ms 2097 Hst. 2.0 Pies Cúbicos. Color Negro,171
presentacion,Caja con 15 C?psulas de 300 Mg.,Caja con 15 Cápsulas de 300 Mg.,429
presentacion,"Caja con 5 Ampolletas 2 Ml. y 5 Jeringas Desechables con Aguja. Soluci?n Inyectable 10,000 Mcg./100 Mg./50 Mg.","Caja con 5 Ampolletas 2 Ml. y 5 Jeringas Desechables con Aguja. Solución Inyectable 10,000 Mcg./100 Mg./50 Mg.",185
presentacion,Caja con 14 C?psulas de 20 Mg.,Caja con 14 Cápsulas de 20 Mg.,1093
presentacion,Caja con Frasco Gotero con 2.5 Ml. Soluci?n 0.004%,Caja con Frasco Gotero con 2.5 Ml. Solución 0.004%,542
presentacion,Caja Pl?stico 24 Piezas. 68-7424. Largo,Caja Plástico 24 Piezas. 68-7424. Largo,56
presentacion,Blister 2 Piezas. con Dep?sito. C.b. 347547,Blister 2 Piezas. con Depósito. C.b. 347547,208
presentacion,Botella 250 Ml. (pl?stico),Botella 250 Ml. (plástico),29
presentacion,"Rmb 400 Ia (mrm0) (silver). 400 L. 2 Puertas, Horizontal y Vertical. Deshielo Autom?tico Ajustable","Rmb 400 Ia (mrm0) (silver). 400 L. 2 Puertas, Horizontal y Vertical. Deshielo Automático Ajustable",75
presentacion,Bote 400 Ml. Plus. Aroma C?trico,Bote 400 Ml. Plus. Aroma Cítrico,16
presentacion,1 Kg. Filete con Piel (chileno o Pac?fico) Descongelado,1 Kg. Filete con Piel (chileno o Pacífico) Descongelado,43
presentacion,Wt 02409 D (plata). 251 L. 2 Puertas. Horizontal y Vertical. Deshielo Autom?tico Ajustable,Wt 02409 D (plata). 251 L. 2 Puertas. Horizontal y Vertical. Deshielo Automático Ajustable,25
presentacion,Barra 150 Gr. Antibacterial. Protecci?n Neutra,Barra 150 Gr. Antibacterial. Protección Neutra,4
presentacion,1 Kg. Granel. Entero. con V?sceras. Amarillo. Fresco,1 Kg. Granel. Entero. con Vísceras. Amarillo. Fresco,24
presentacion,1 Kg. ? Congelado,1 Kg. Ó Congelado,37
presentacion,Paquete 147 Gr. Pr?ncipe,Paquete 147 Gr. Príncipe,31
presentacion,Caja 12 Piezas. Punta Gruesa 4 Mm. C.b. 261129 ? 470729. Largo,Caja 12 Piezas. Punta Gruesa 4 Mm. C.b. 261129 Ó 470729. Largo,235
presentacion,Caja con 64 C?psulas de 100 Mg./300 Mg.,Caja con 64 Cápsulas de 100 Mg./300 Mg.,602
presentacion,Caja con Frasco con Polvo para 75 Ml. Suspensi?n 250 Mg./5 Ml.,Caja con Frasco con Polvo para 75 Ml. Suspensión 250 Mg./5 Ml.,332
presentacion,Caja con 60 C?psulas de 30 Mg.,Caja con 60 Cápsulas de 30 Mg.,472
presentacion,Caja con 5 Jeringas de 2 Ml. Soluci?n Inyectable,Caja con 5 Jeringas de 2 Ml. Solución Inyectable,873
presentacion,2 Cajas con Frasco con 30 C?psulas C/u,2 Cajas con Frasco con 30 Cápsulas C/u,226
presentacion,Frasco con 120 Ml. Soluci?n Antiséptica Bucofar?ngea,Frasco con 120 Ml. Solución Antiséptica Bucofaríngea,843
presentacion,1 Kg. Granel. Chuleta o Chuleta Costilla o Chulet?n,1 Kg. Granel. Chuleta o Chuleta Costilla o Chuletón,341
presentacion,Bolsa 120 Gr. Lim?n,Bolsa 120 Gr. Limón,1103
presentacion,Bote 302 Gr./460 Ml. (con Promoci?n) o Bote 305 Gr./400 Ml.,Bote 302 Gr./460 Ml. (con Promoción) o Bote 305 Gr./400 Ml.,572
presentacion,Caja Pl?stico 400 Gr. Sin Sal,Caja Plástico 400 Gr. Sin Sal,1347
presentacion,Vs 23 Bep (negro). 635 L. 2 Puertas. Verticales. Deshielo Autom?tico Ajustable,Vs 23 Bep (negro). 635 L. 2 Puertas. Verticales. Deshielo Automático Ajustable,158
presentacion,Botella 400 Ml. Manzanilla. Gold. C?rcuma,Botella 400 Ml. Manzanilla. Gold. Cúrcuma,706
presentacion,Bote con 80 Toallitas H?medas. Lemon & Lime Blossom,Bote con 80 Toallitas Húmedas. Lemon & Lime Blossom,687
presentacion,Bote 900 Gr. Natural. Deslactosado. Sin Az?car Añadida. Griego,Bote 900 Gr. Natural. Deslactosado. Sin Azúcar Añadida. Griego,688
presentacion,Fpsthm3532 o Fpsthm3532-013. Manual. 6 Velocidades. Sin Taz?n,Fpsthm3532 o Fpsthm3532-013. Manual. 6 Velocidades. Sin Tazón,349
presentacion,Blstsogs5661w o Blstsog5661w-013. Velocidades 6+1 Pulso. Base Pl?stico. Vaso Vidrio. Color Blanca,Blstsogs5661w o Blstsog5661w-013. Velocidades 6+1 Pulso. Base Plástico. Vaso Vidrio. Color Blanca,142
presentacion,Flip 7. Duraci?n de Bateria 16 H. Potencia 35 W,Flip 7. Duración de Bateria 16 H. Potencia 35 W,202
presentacion,Wfr 3100 B00. Frente 30 Plgs. 6 Quemadores. Encendido Electr?nico. Color Acero,Wfr 3100 B00. Frente 30 Plgs. 6 Quemadores. Encendido Electrónico. Color Acero,160
presentacion,"Rms 400 Ia (mrx0) (gris). 399.95 Dm3. 2 Puertas, Horizontal y Vertical. Deshielo Autom?tico Ajustable","Rms 400 Ia (mrx0) (gris). 399.95 Dm3. 2 Puertas, Horizontal y Vertical. Deshielo Automático Ajustable",176
presentacion,"Rf 22 A4010 S9. 628 Dm3. 3 Puertas, 2 Verticales y 1 Horizontal. Deshielo Autom?tico de Duraci?n Larga","Rf 22 A4010 S9. 628 Dm3. 3 Puertas, 2 Verticales y 1 Horizontal. Deshielo Automático de Duración Larga",208
presentacion,Mh 1596 Dir. 1.5 Pies C?bicos. Dorador. Color Negro/espejo,Mh 1596 Dir. 1.5 Pies Cúbicos. Dorador. Color Negro/espejo,105
presentacion,Ms 32dg4504 Atax. 1.1 Pies C?bicos. Color Negro/acero,Ms 32dg4504 Atax. 1.1 Pies Cúbicos. Color Negro/acero,239
presentacion,Nn-st34qb. 0.9 Pies C?bicos. Color Negro,Nn-st34qb. 0.9 Pies Cúbicos. Color Negro,111
presentacion,Caja 240 Gr. Horneadas Sin Grasa. Ma?z Blanco,Caja 240 Gr. Horneadas Sin Grasa. Maíz Blanco,356
presentacion,Botella 200 Ml. Sport. R?pida Absorci?n. Fps 50,Botella 200 Ml. Sport. Rápida Absorción. Fps 50,552
presentacion,Blstpyg1309b o Blstpyg1309b-013. Velocidades 3+1 Pulso. Base Pl?stico. Vaso Vidrio. Color Negra,Blstpyg1309b o Blstpyg1309b-013. Velocidades 3+1 Pulso. Base Plástico. Vaso Vidrio. Color Negra,150
presentacion,Botella 700 Ml. Reparaci?n. Cabello Seco,Botella 700 Ml. Reparación. Cabello Seco,154
presentacion,Botella 900 Ml. Ma?z,Botella 900 Ml. Maíz,4
presentacion,Caja con 40 C?psulas de 100 Mg.,Caja con 40 Cápsulas de 100 Mg.,749
presentacion,Caja con 28 Tabletas de 50 Mg. Liberaci?n Prolongada,Caja con 28 Tabletas de 50 Mg. Liberación Prolongada,502
presentacion,Caja con 5 Ampolletas de 2 Ml. 0.250 Mg./ml. Suspensi?n para Nebulizaci?n,Caja con 5 Ampolletas de 2 Ml. 0.250 Mg./ml. Suspensión para Nebulización,632
presentacion,Caja Pl?stico 12 Ceras. 52-0784,Caja Plástico 12 Ceras. 52-0784,266
presentacion,Bolsa 14 Piezas. Ultra-gel. Extra Largas. Flujo S?per Abundante,Bolsa 14 Piezas. Ultra-gel. Extra Largas. Flujo Súper Abundante,50
presentacion,Afr 2110 B00. 30 Plgs. 6 Quemadores. Encendido Electr?nico. Color Gris/acero,Afr 2110 B00. 30 Plgs. 6 Quemadores. Encendido Electrónico. Color Gris/acero,64
presentacion,"Rmb 400 Ib (mrp0) (negro). 400 L. 2 Puertas, Horizontal y Vertical. Deshielo Autom?tico Ajustable","Rmb 400 Ib (mrp0) (negro). 400 L. 2 Puertas, Horizontal y Vertical. Deshielo Automático Ajustable",64
presentacion,Bolsa 185 Gr. Kacang. Enchilado y Sabor Lim?n,Bolsa 185 Gr. Kacang. Enchilado y Sabor Limón,94
presentacion,Caja 5000 Grapas. Est?ndar. Punta Cincel,Caja 5000 Grapas. Estándar. Punta Cincel,18
presentacion,1 Kg. Granel. de Pavo. Fino. 16% Prote?nas,1 Kg. Granel. de Pavo. Fino. 16% Proteínas,35
presentacion,Caja con 6 C?psulas de 400 Mg.,Caja con 6 Cápsulas de 400 Mg.,767
presentacion,Caja con 2 Jeringas con 0.4 Ml. con Dispositivo de Seguridad. Soluci?n Inyectable 40 Mg.,Caja con 2 Jeringas con 0.4 Ml. con Dispositivo de Seguridad. Solución Inyectable 40 Mg.,551
presentacion,Caja con 30 Comprimidos de 10 Mg. (1+1 Promoci?n Dos Cajas),Caja con 30 Comprimidos de 10 Mg. (1+1 Promoción Dos Cajas),378
presentacion,Caja con 20 Ampolletas con 5 Ml. Suspensi?n 2 Billones Ufc Ingerible,Caja con 20 Ampolletas con 5 Ml. Suspensión 2 Billones Ufc Ingerible,798
presentacion,Caja con Frasco Gotero con 5 Ml. Soluci?n 20 Mg./5 Mg./2 Mg./ml.,Caja con Frasco Gotero con 5 Ml. Solución 20 Mg./5 Mg./2 Mg./ml.,814
presentacion,Vaso 64 Gr. Sopa Instant?nea con Camar?n y Chile Piqu?n,Vaso 64 Gr. Sopa Instantánea con Camarón y Chile Piquín,1122
presentacion,Caja con Frasco 120 Disparos. Suspensi?n 27.5 Μg./50 Μl.,Caja con Frasco 120 Disparos. Suspensión 27.5 Μg./50 Μl.,795
presentacion,Bote 372 Gr. (con Promoci?n),Bote 372 Gr. (con Promoción),747
presentacion,1 Kg. Granel. de Pavo. Cl?sico,1 Kg. Granel. de Pavo. Clásico,570
presentacion,Botella 380 Gr. (vidrio). Cl?sica,Botella 380 Gr. (vidrio). Clásica,852
presentacion,Botella 650 Ml. Fructis. Fortificante. Stop Ca?da,Botella 650 Ml. Fructis. Fortificante. Stop Caída,709
presentacion,Caja 8 Piezas. Pearl. S?per Absorci?n,Caja 8 Piezas. Pearl. Súper Absorción,663
presentacion,Bolsa 10 Piezas. Nocturna. Extra Larga con Alas. Flujo S?per Abundante,Bolsa 10 Piezas. Nocturna. Extra Larga con Alas. Flujo Súper Abundante,584
presentacion,1 Kg. Granel. o Toronja Sangr?a,1 Kg. Granel. o Toronja Sangría,1149
presentacion,Hmm15xpo. 1.5 Pies C?bicos. Color Silver/espejo,Hmm15xpo. 1.5 Pies Cúbicos. Color Silver/espejo,107
presentacion,"Rt 53 Dg 6128 S9 (silver). 526 L. 2 Puertas, Horizontal y Vertical. Deshielo Autom?tico de Duraci?n Larga","Rt 53 Dg 6128 S9 (silver). 526 L. 2 Puertas, Horizontal y Vertical. Deshielo Automático de Duración Larga",298
presentacion,"Gm 65 Bpp (silver). 710 L. 3 Puertas, 2 Verticales y 1 Horizontal. Deshielo Autom?tico Ajustable","Gm 65 Bpp (silver). 710 L. 3 Puertas, 2 Verticales y 1 Horizontal. Deshielo Automático Ajustable",276
presentacion,Fv1742. Vapor. Suela Cer?mica,Fv1742. Vapor. Suela Cerámica,36
presentacion,Nn-st965s. 2.2 Pies C?bicos. Color Negro/acero,Nn-st965s. 2.2 Pies Cúbicos. Color Negro/acero,26
presentacion,"Rmb 300 Iz (mrp0) (negro). 310 L. 2 Puertas, Horizontal y Vertical. Deshielo Autom?tico Ajustable","Rmb 300 Iz (mrp0) (negro). 310 L. 2 Puertas, Horizontal y Vertical. Deshielo Automático Ajustable",142
presentacion,Paquete 175 Gr. 10 Rebanadas. Imitaci?n Queso Americano,Paquete 175 Gr. 10 Rebanadas. Imitación Queso Americano,455
presentacion,Mx9125-owdla. Vertical y Manual 5 Velocidades + 1 Turbo. Taz?n Pl?stico,Mx9125-owdla. Vertical y Manual 5 Velocidades + 1 Turbo. Tazón Plástico,229
presentacion,Fv2864 o Fv2864x0. Vapor . Suela Cer?mica,Fv2864 o Fv2864x0. Vapor . Suela Cerámica,219
presentacion,1 Kg. Granel. Roja de Importaci?n,1 Kg. Granel. Roja de Importación,4
presentacion,Caja con Frasco con 120 Ml. y Vaso Dosificador. Soluci?n de 300 Mg./100 Ml.,Caja con Frasco con 120 Ml. y Vaso Dosificador. Solución de 300 Mg./100 Ml.,272
presentacion,1 Kg. Granel. Chulet?n o Chuleta Ahumada,1 Kg. Granel. Chuletón o Chuleta Ahumada,43
presentacion,"Rma 300 Fjmrm0 (silver). 302 L. 2 Puertas, Horizontal y Vertical. Deshielo Autom?tico Ajustable","Rma 300 Fjmrm0 (silver). 302 L. 2 Puertas, Horizontal y Vertical. Deshielo Automático Ajustable",173
presentacion,"Caja 1 Lt. Ultrapasteurizada. Adicionado con Vitaminas a, B6, D, ?cido F?lico, Niacina y Hierro","Caja 1 Lt. Ultrapasteurizada. Adicionado con Vitaminas a, B6, D, Ácido Fólico, Niacina y Hierro",587
presentacion,Blister 4 Piezas. Punto Mediano. L?piz Gratis,Blister 4 Piezas. Punto Mediano. Lápiz Gratis,344
presentacion,Bolsa 1 Pieza. Pl?stico Transparente. 30 Cm. Sp02790017,Bolsa 1 Pieza. Plástico Transparente. 30 Cm. Sp02790017,92
presentacion,Blister 2 Piezas. Migaj?n. Strike 20,Blister 2 Piezas. Migajón. Strike 20,64
presentacion,Botella 700 Ml. 2 en 1. Hidrataci?n (pulpa de S?bila y Aguacate),Botella 700 Ml. 2 en 1. Hidratación (pulpa de Sábila y Aguacate),127
presentacion,Garraf?n 10 Lt.,Garrafón 10 Lt.,428
presentacion,"Caja 1 Pieza. 23 W. Luz de D?a. 23w/865. 10,000 Horas","Caja 1 Pieza. 23 W. Luz de Día. 23w/865. 10,000 Horas",15
presentacion,Barra 150 Gr. Hidrataci?n Natural,Barra 150 Gr. Hidratación Natural,26
presentacion,Blister 1 Pieza. B?sica. Ms-120 Fm (carcasa Met?lica),Blister 1 Pieza. Básica. Ms-120 Fm (carcasa Metálica),14
presentacion,1 Kg. Granel. de Pierna. Tipo York. 16% Prote?nas,1 Kg. Granel. de Pierna. Tipo York. 16% Proteínas,9
presentacion,Blister 1 Pieza. B?sica. Ms-20 Uc o Ms-20uc-pk o We o Bk,Blister 1 Pieza. Básica. Ms-20 Uc o Ms-20uc-pk o We o Bk,7
presentacion,Caja 24 Piezas. Gratis 2 L?pices. Largo,Caja 24 Piezas. Gratis 2 Lápices. Largo,418
presentacion,Caja con Jeringa Prellenada 1 Ml. Hypak. Suspensi?n Inyectable,Caja con Jeringa Prellenada 1 Ml. Hypak. Suspensión Inyectable,719
presentacion,Caja con 10 Ampolletas de 2.5 Ml. 0.5 Mg./2.5 Mg. Soluci?n,Caja con 10 Ampolletas de 2.5 Ml. 0.5 Mg./2.5 Mg. Solución,708
presentacion,Frasco con 120 Ml. Soluci?n Adulto,Frasco con 120 Ml. Solución Adulto,388
presentacion,Caja con 20 C?psulas de 50 Mg./15 Mg.,Caja con 20 Cápsulas de 50 Mg./15 Mg.,602
presentacion,Lata 120 Gr. con 20% de Prote?na de Soya en Agua,Lata 120 Gr. con 20% de Proteína de Soya en Agua,371
presentacion,Lata 140 Gr. (cl?sico). Aleta Amarilla en Hojuelas en Agua,Lata 140 Gr. (clásico). Aleta Amarilla en Hojuelas en Agua,630
presentacion,Botella 370 Gr. Pl?stico,Botella 370 Gr. Plástico,487
presentacion,Botella 397 Gr. Pl?stico,Botella 397 Gr. Plástico,1099
presentacion,Bolsa 8 Piezas. Nocturna con Alas. Extra Largas. Flujo S?per Abundante,Bolsa 8 Piezas. Nocturna con Alas. Extra Largas. Flujo Súper Abundante,410
presentacion,Botella 250 Ml. (pl?stico). Original,Botella 250 Ml. (plástico). Original,258
presentacion,X6c. Android 15/memoria Interna 256 Gb. C?mara 50 Mp/frontal 5 Mp. 6.6 Plgs. Micro Sd Hasta 1 Tb,X6c. Android 15/memoria Interna 256 Gb. Cámara 50 Mp/frontal 5 Mp. 6.6 Plgs. Micro Sd Hasta 1 Tb,307
presentacion,Redmi Note 15 Pro. Android 15/memoria Interna 256 Gb. C?mara 200 Mp + 8 Mp/frontal 32 Mp. 6.8 Plgs. Micro Sd Hasta 2 Tb,Redmi Note 15 Pro. Android 15/memoria Interna 256 Gb. Cámara 200 Mp + 8 Mp/frontal 32 Mp. 6.8 Plgs. Micro Sd Hasta 2 Tb,105
presentacion,Ek-6131 Gc-mchnl. Frente 30 Plgs. 6 Quemadores. Encendido Electr?nico. Color Negro,Ek-6131 Gc-mchnl. Frente 30 Plgs. 6 Quemadores. Encendido Electrónico. Color Negro,365
presentacion,Wm 1211 D. 1.1 Pies C?bicos. Color Silver/espejo,Wm 1211 D. 1.1 Pies Cúbicos. Color Silver/espejo,239
presentacion,Ms2032gas. 0.7 Pies C?bicos. Color Negro,Ms2032gas. 0.7 Pies Cúbicos. Color Negro,220
presentacion,1 Kg. Granel. de Pavo y Cerdo. N?poles,1 Kg. Granel. de Pavo y Cerdo. Nápoles,241
presentacion,Caja con 14 C?psulas de 75 Mg.,Caja con 14 Cápsulas de 75 Mg.,392
presentacion,Caja con Frasco Gotero con 2.5 Ml. 0.2% Soluci?n,Caja con Frasco Gotero con 2.5 Ml. 0.2% Solución,583
presentacion,Caja con 15 C?psulas,Caja con 15 Cápsulas,485
presentacion,Caja con 30 Tabletas de 400 Mg. Liberaci?n Prolongada,Caja con 30 Tabletas de 400 Mg. Liberación Prolongada,535
presentacion,Caja con 28 Tabletas de 10 Mg. Liberaci?n Prolongada,Caja con 28 Tabletas de 10 Mg. Liberación Prolongada,464
presentacion,Fpsthmamr o Fpsthmamr-013. Manual. 5 Velocidades. Sin Taz?n,Fpsthmamr o Fpsthmamr-013. Manual. 5 Velocidades. Sin Tazón,79
presentacion,Caja 12 Ceras. Est?ndar. C.b. 201034,Caja 12 Ceras. Estándar. C.b. 201034,515
presentacion,Caja Pl?stico 12 Ceras. 52-0712,Caja Plástico 12 Ceras. 52-0712,103
presentacion,"Pnf 25 Fyrcfs (acero). 699 L. 3 Puertas, 2 Verticales y 1 Horizontal. Deshielo Autom?tico Ajustable","Pnf 25 Fyrcfs (acero). 699 L. 3 Puertas, 2 Verticales y 1 Horizontal. Deshielo Automático Ajustable",128
presentacion,Blister 2 Piezas. en Forma de L?piz,Blister 2 Piezas. en Forma de Lápiz,178
presentacion,Mg 40dg5525 Agax. 1.4 Pies C?bicos. Dorador. Color Negro,Mg 40dg5525 Agax. 1.4 Pies Cúbicos. Dorador. Color Negro,62
presentacion,Botella 680 Ml. Ca?da Resist X3. 2 en 1. Men,Botella 680 Ml. Caída Resist X3. 2 en 1. Men,60
presentacion,"Rme 360 Fdmrd0 (negro). 360 L. 2 Puertas, Horizontal y Vertical. Deshielo Autom?tico Ajustable","Rme 360 Fdmrd0 (negro). 360 L. 2 Puertas, Horizontal y Vertical. Deshielo Automático Ajustable",56
presentacion,"Mdrt 580 Mtm46w (silver). 409 L. 2 Puertas, Horizontal y Vertical. Deshielo Autom?tico Ajustable","Mdrt 580 Mtm46w (silver). 409 L. 2 Puertas, Horizontal y Vertical. Deshielo Automático Ajustable",45
presentacion,1 Kg. Steak de At?n Aleta Amarilla,1 Kg. Steak de Atún Aleta Amarilla,75
presentacion,Blstpeg-mrt o Blstpeg-mrt-013. Velocidades 3 + 1 Pulso. Base Pl?stico. Vaso Vidrio. Color Negra,Blstpeg-mrt o Blstpeg-mrt-013. Velocidades 3 + 1 Pulso. Base Plástico. Vaso Vidrio. Color Negra,15
presentacion,Charge Essential 2. Duraci?n de Bateria 20 H. Potencia 40 W,Charge Essential 2. Duración de Bateria 20 H. Potencia 40 W,37
presentacion,1 Kg. Granel. Tent?culos. Crudo. Congelado,1 Kg. Granel. Tentáculos. Crudo. Congelado,58
presentacion,1 Kg. Granel. de Pavo y Cerdo. Americano. 10% Prote?nas,1 Kg. Granel. de Pavo y Cerdo. Americano. 10% Proteínas,7
presentacion,1 Kg. Granel. Macuil o Camar?n para Pelar Macuil. Descongelado,1 Kg. Granel. Macuil o Camarón para Pelar Macuil. Descongelado,17
presentacion,1 Kg. Lomo. Pac?fico,1 Kg. Lomo. Pacífico,12
presentacion,Caja 12 Piezas. C.b. 7415045 ? C.b. 415069. Largo,Caja 12 Piezas. C.b. 7415045 Ó C.b. 415069. Largo,104
presentacion,Blister 1 Pieza. Básica. Ms-120 Fm (carcasa Met?lica),Blister 1 Pieza. Básica. Ms-120 Fm (carcasa Metálica),10
presentacion,Caja con 1+1 C?psula de 150 Mg.,Caja con 1+1 Cápsula de 150 Mg.,824
presentacion,Caja con 12 C?psulas de 500 Mg.,Caja con 12 Cápsulas de 500 Mg.,2376
presentacion,Caja con 20 Grageas o Tabletas de 100 Mg. Liberaci?n Prolongada,Caja con 20 Grageas o Tabletas de 100 Mg. Liberación Prolongada,592
presentacion,Caja con 12 C?psulas de 50 Mg.,Caja con 12 Cápsulas de 50 Mg.,253
presentacion,Caja con Frasco ?mpula y Ampolleta 1 G. Im. Soluci?n Inyectable,Caja con Frasco Ámpula y Ampolleta 1 G. Im. Solución Inyectable,709
presentacion,Bolsa 720 Gr. Polvo (roja). Lim?n,Bolsa 720 Gr. Polvo (roja). Limón,603
presentacion,Sobre 13 Gr. Naranja. No Necesita Az?car,Sobre 13 Gr. Naranja. No Necesita Azúcar,441
presentacion,Bolsa 8 Piezas. Suave. Extra Larga con Alas. Flujo S?per Abundante,Bolsa 8 Piezas. Suave. Extra Larga con Alas. Flujo Súper Abundante,584
presentacion,Bolsa 10 Piezas. Nocturna. Slim con Alas. Flujo S?per Abundante,Bolsa 10 Piezas. Nocturna. Slim con Alas. Flujo Súper Abundante,290
presentacion,1 Kg. Granel. Verde Sin C?scara,1 Kg. Granel. Verde Sin Cáscara,1078
presentacion,Wm 2811 D. 1.1 Pies C?bicos. Dorador. Color Gris,Wm 2811 D. 1.1 Pies Cúbicos. Dorador. Color Gris,74
presentacion,"Gm 22 Bip (silver). 618 L. 3 Puertas, 2 Verticales y 1 Horizontal. Deshielo Autom?tico Ajustable","Gm 22 Bip (silver). 618 L. 3 Puertas, 2 Verticales y 1 Horizontal. Deshielo Automático Ajustable",104
presentacion,"Vt 40 Wp (silver). 395 Dm3. 2 Puertas, Horizontal y Vertical. Deshielo Autom?tico Ajustable","Vt 40 Wp (silver). 395 Dm3. 2 Puertas, Horizontal y Vertical. Deshielo Automático Ajustable",216
presentacion,"Rms 400 Iv Mrp0 (negro). 398 L. 2 Puertas, Horizontal y Vertical. Deshielo Autom?tico Ajustable","Rms 400 Iv Mrp0 (negro). 398 L. 2 Puertas, Horizontal y Vertical. Deshielo Automático Ajustable",98
presentacion,Ms3032jas. 1.05 Pies C?bicos. Color Negro/espejo,Ms3032jas. 1.05 Pies Cúbicos. Color Negro/espejo,512
presentacion,Wm 1807 D. 0.7 Pies C?bicos. Color Gris,Wm 1807 D. 0.7 Pies Cúbicos. Color Gris,231
presentacion,"Mdrt 489 Mtm46w (silver). 338 L. 2 Puertas, Horizontal y Vertical. Deshielo Autom?tico Ajustable","Mdrt 489 Mtm46w (silver). 338 L. 2 Puertas, Horizontal y Vertical. Deshielo Automático Ajustable",184
presentacion,Moto G15. Android 15/memoria Interna 256 Gb. C?mara 50 Mp + 5 Mp/frontal 8 Mp. 6.6 Plgs. Micro Sd Hasta 1 Tb,Moto G15. Android 15/memoria Interna 256 Gb. Cámara 50 Mp + 5 Mp/frontal 8 Mp. 6.6 Plgs. Micro Sd Hasta 1 Tb,304
presentacion,Botella 500 Ml. B?sico o Puro. 70% Alcohol Et?lico,Botella 500 Ml. Básico o Puro. 70% Alcohol Etílico,571
presentacion,Paquete 140 Gr. 8 Rebanadas. Imitaci?n Queso Americano,Paquete 140 Gr. 8 Rebanadas. Imitación Queso Americano,473
presentacion,1 Kg. Granel. Imitaci?n Queso Fresco,1 Kg. Granel. Imitación Queso Fresco,234
presentacion,Botella 1000 Ml. Et?lico Desnaturalizado. 70°,Botella 1000 Ml. Etílico Desnaturalizado. 70°,93
presentacion,Bote 900 Gr. Natural. Sin Az?car,Bote 900 Gr. Natural. Sin Azúcar,1153
presentacion,Caja con 30 C?psulas de 5 Mg./3 Mg.,Caja con 30 Cápsulas de 5 Mg./3 Mg.,675
presentacion,Caja con 200 Dosis de 100 Mcg. Suspensi?n en Aerosol 20 Mg.,Caja con 200 Dosis de 100 Mcg. Suspensión en Aerosol 20 Mg.,462
presentacion,Caja con 30 C?psulas de 120 Mg.,Caja con 30 Cápsulas de 120 Mg.,237
presentacion,Blister 8 Piezas. Triangular No. 2. Gratis 1 L?piz. C.b. 68111 o 681113,Blister 8 Piezas. Triangular No. 2. Gratis 1 Lápiz. C.b. 68111 o 681113,327
presentacion,Vaso 120 Gr. Natural. Bajo en Grasa. 0% Az?car Añadida. Griego Zero,Vaso 120 Gr. Natural. Bajo en Grasa. 0% Azúcar Añadida. Griego Zero,30
presentacion,Paquete 210 Gr. 12 Rebanadas. Imitaci?n Queso Americano,Paquete 210 Gr. 12 Rebanadas. Imitación Queso Americano,367
presentacion,Wm2000s-la. (estaci?n de Desayunos 3 en 1),Wm2000s-la. (estación de Desayunos 3 en 1),99
presentacion,Emh 7612 Dtss0a. Frente 30 Plgs. 6 Quemadores. Encendido Electr?nico. Color Acero,Emh 7612 Dtss0a. Frente 30 Plgs. 6 Quemadores. Encendido Electrónico. Color Acero,41
presentacion,Blister 3 Piezas. Migaj?n,Blister 3 Piezas. Migajón,89
presentacion,Blister 9 Piezas. Hb Hexagonal No. 2. Gratis 1 L?piz,Blister 9 Piezas. Hb Hexagonal No. 2. Gratis 1 Lápiz,302
presentacion,Bolsa 1 Pieza. Pl?stico Transparente. 30 Cm. C.b. 26005,Bolsa 1 Pieza. Plástico Transparente. 30 Cm. C.b. 26005,72
presentacion,1 Kg. Granel. Tent?culos. Cocido,1 Kg. Granel. Tentáculos. Cocido,60
presentacion,Bolsa 1 Pieza. Pl?stico Transparente. 20 Cm. Sp9260331,Bolsa 1 Pieza. Plástico Transparente. 20 Cm. Sp9260331,2
presentacion,Blister 1 Pieza. B?sica. Hl-820va o Hl-820va-s,Blister 1 Pieza. Básica. Hl-820va o Hl-820va-s,10
presentacion,1 Kg. Granel. de Pierna. Horneado. Extrafino. 18% Prote?nas,1 Kg. Granel. de Pierna. Horneado. Extrafino. 18% Proteínas,31
presentacion,Paquete 500 Hojas Bond. Tamaño Carta. 75 G/m3. Multiprop?sito. Clave 3542,Paquete 500 Hojas Bond. Tamaño Carta. 75 G/m3. Multipropósito. Clave 3542,13
presentacion,Caja con Una Ampolleta de 2 Ml. Soluci?n Inyectable de 500 Mg./2 Ml.,Caja con Una Ampolleta de 2 Ml. Solución Inyectable de 500 Mg./2 Ml.,581
presentacion,Caja con 28 Tabletas de 100 Mg. Liberaci?n Retardada,Caja con 28 Tabletas de 100 Mg. Liberación Retardada,868
presentacion,Caja con Frasco ?mpula con Polvo y Ampolleta con 3.5 Ml. de Diluyente. Soluci?n 1.0 Gr.,Caja con Frasco Ámpula con Polvo y Ampolleta con 3.5 Ml. de Diluyente. Solución 1.0 Gr.,651
presentacion,Caja con 16 C?psulas de 300 Mg.,Caja con 16 Cápsulas de 300 Mg.,1406
presentacion,Caja con 7 C?psulas de 30 Mg. Liberaci?n Retardada,Caja con 7 Cápsulas de 30 Mg. Liberación Retardada,317
presentacion,Caja con Frasco con 14 C?psulas de 20 Mg.,Caja con Frasco con 14 Cápsulas de 20 Mg.,757
presentacion,Frasco ?mpula 10 Ml. Suspensi?n 100 Ui /ml. Inyectable,Frasco Ámpula 10 Ml. Suspensión 100 Ui /ml. Inyectable,349
presentacion,1 Kg. Granel. Entero. con V?sceras o Tipo Super o Entero Supermercado o Canal Entera,1 Kg. Granel. Entero. con Vísceras o Tipo Super o Entero Supermercado o Canal Entera,1532
presentacion,Wem 7643 Cfis0a. Frente 30 Plgs. 6 Quemadores. Encendido Electr?nico. Color Gris/acero,Wem 7643 Cfis0a. Frente 30 Plgs. 6 Quemadores. Encendido Electrónico. Color Gris/acero,388
presentacion,Barra 120 Gr. Sensaci?n Humectante. Oliva y Aloe,Barra 120 Gr. Sensación Humectante. Oliva y Aloe,1118
presentacion,Paquete 200 Gr. Munici?n,Paquete 200 Gr. Munición,334
presentacion,Paquete con 6. Aa. 10 X M?s Duraci?n,Paquete con 6. Aa. 10 X Más Duración,468
presentacion,1 Kg. Granel. Morr?n Verde,1 Kg. Granel. Morrón Verde,1037
presentacion,Paquete con 30. Toallitas H?medas,Paquete con 30. Toallitas Húmedas,355
presentacion,Caja con 20 Piezas. B?sicas,Caja con 20 Piezas. Básicas,342
presentacion,Bolsa Pl?stico 2 Kg. Est?ndar o Morena,Bolsa Plástico 2 Kg. Estándar o Morena,1191
presentacion,"Mhc-v13. Cd?s 1. Mp3, Usb y Bluetooth","Mhc-v13. Cd´s 1. Mp3, Usb y Bluetooth",86
presentacion,Xboom Bounce. Duraci?n de Bateria 30 H. Potencia 30 W,Xboom Bounce. Duración de Bateria 30 H. Potencia 30 W,230
presentacion,Srs-xb 100. Duraci?n de Bateria 16 H.,Srs-xb 100. Duración de Bateria 16 H.,126
presentacion,Rr 63d6 Wgx (silver). 173 Dm3. 1 Puertavertical. Deshielo Semiautom?tico,Rr 63d6 Wgx (silver). 173 Dm3. 1 Puertavertical. Deshielo Semiautomático,394
presentacion,Nn-sb656b. 1.3 Pies C?bicos. Color Negro/espejo,Nn-sb656b. 1.3 Pies Cúbicos. Color Negro/espejo,194
presentacion,54221g. 14 Funciones+1 Pulso. Base Pl?stico. Vaso Vidrio. Color Gris,54221g. 14 Funciones+1 Pulso. Base Plástico. Vaso Vidrio. Color Gris,172
presentacion,Botella 200 Ml. Protecci?n & Piel Sensible. Fps 50+,Botella 200 Ml. Protección & Piel Sensible. Fps 50+,951
presentacion,Botella 600 Ml. Zero Az?car,Botella 600 Ml. Zero Azúcar,252
presentacion,Botella 600 Ml. Té. Verde. Sabor Lim?n,Botella 600 Ml. Té. Verde. Sabor Limón,689
presentacion,Moto Edge 60 Fusion 5g. Android 15/memoria Interna 256 Gb. C?mara 50 Mp + 13 Mp/frontal 32 Mp. 6.6 Plgs. Micro Sd Hasta 1 Tb,Moto Edge 60 Fusion 5g. Android 15/memoria Interna 256 Gb. Cámara 50 Mp + 13 Mp/frontal 32 Mp. 6.6 Plgs. Micro Sd Hasta 1 Tb,215
presentacion,Frasco con 120 Ml. y Vaso Dosificador de 20 Ml. Suspensi?n 2 G./100 Ml.,Frasco con 120 Ml. y Vaso Dosificador de 20 Ml. Suspensión 2 G./100 Ml.,311
presentacion,Caja con 4 Sobres Conteniendo Cada Uno 5 Ampolletas Aplicadoras con 0.5 Ml. C/u. Soluci?n 4 Mg./ml.,Caja con 4 Sobres Conteniendo Cada Uno 5 Ampolletas Aplicadoras con 0.5 Ml. C/u. Solución 4 Mg./ml.,650
presentacion,Caja con 20 Tabletas de 95 Mg./12.5 Mg. Liberaci?n Prolongada,Caja con 20 Tabletas de 95 Mg./12.5 Mg. Liberación Prolongada,604
presentacion,Blister 1 Pieza. Cient?fica. Fx - 82 Ms. 2nd Edition. Secundaria,Blister 1 Pieza. Científica. Fx - 82 Ms. 2nd Edition. Secundaria,147
presentacion,"Caja 1 Pieza. 30 W. Luz de D?a. 30w/865. 8,000 Horas","Caja 1 Pieza. 30 W. Luz de Día. 30w/865. 8,000 Horas",161
presentacion,Botella 1 Lt. Et?lico Desnaturalizado,Botella 1 Lt. Etílico Desnaturalizado,78
presentacion,Gcstbs6051 o Gcstbs6051-013. Vapor . Suela Cer?mica,Gcstbs6051 o Gcstbs6051-013. Vapor . Suela Cerámica,32
presentacion,1 Kg. Granel. Macuil o Camar?n para Pelar Macuil,1 Kg. Granel. Macuil o Camarón para Pelar Macuil,29
presentacion,Botella 675 Ml. Reconstrucci?n Completa,Botella 675 Ml. Reconstrucción Completa,56
presentacion,Caja 1 Pieza. 14 W. Luz Fr?a. Led,Caja 1 Pieza. 14 W. Luz Fría. Led,31
presentacion,"Vs 27 Xcs (silver). 768 L. 2 Puertas, Verticales. Deshielo Autom?tico Ajustable","Vs 27 Xcs (silver). 768 L. 2 Puertas, Verticales. Deshielo Automático Ajustable",9
presentacion,Blister 1 Pieza. Pl?stico. Color 30 Cm. 278610,Blister 1 Pieza. Plástico. Color 30 Cm. 278610,62
presentacion,"Rb 50 Dg 6320 S9 (silver). 505 L. 2 Puertas, Horizontal y Vertical. Deshielo Autom?tico de Duraci?n Larga","Rb 50 Dg 6320 S9 (silver). 505 L. 2 Puertas, Horizontal y Vertical. Deshielo Automático de Duración Larga",2
presentacion,Botella 500 Ml. Et?lico Desnaturalizado. 70°,Botella 500 Ml. Etílico Desnaturalizado. 70°,2827
presentacion,Caja con Frasco con 20 C?psulas de 500 Mg.,Caja con Frasco con 20 Cápsulas de 500 Mg.,466
presentacion,Caja con 10 C?psulas de 200 Mg.,Caja con 10 Cápsulas de 200 Mg.,596
presentacion,Caja con 21 C?psulas de 300 Mg.,Caja con 21 Cápsulas de 300 Mg.,746
presentacion,Caja con Blister de 14 C?psulas de 60 Mg. Liberaci?n Retardada,Caja con Blister de 14 Cápsulas de 60 Mg. Liberación Retardada,774
presentacion,Caja con 30 C?psulas de 50 Mg./15 Mg.,Caja con 30 Cápsulas de 50 Mg./15 Mg.,650
presentacion,Caja con 3 Jeringas Prellenadas Doble C?mara con 3 Ml. y Agujas Desechables Esterilizadas,Caja con 3 Jeringas Prellenadas Doble Cámara con 3 Ml. y Agujas Desechables Esterilizadas,856
presentacion,Caja con 20 C?psulas de 400 Mg.,Caja con 20 Cápsulas de 400 Mg.,213
presentacion,Bote 309 Gr. (sin Promoci?n) o Bote 372 Gr. (con Promoci?n),Bote 309 Gr. (sin Promoción) o Bote 372 Gr. (con Promoción),870
presentacion,Caja 216 Gr. Cl?sicas. Horneadas Sin Grasa. Ma?z Blanco,Caja 216 Gr. Clásicas. Horneadas Sin Grasa. Maíz Blanco,626
presentacion,Vaso 150 Gr. Natural. Deslactosado. Sin Az?car Añadida. Griego,Vaso 150 Gr. Natural. Deslactosado. Sin Azúcar Añadida. Griego,590
presentacion,Bote 1 Kg. Natural. Bajo en Grasa. 0% Az?car Añadida. Griego,Bote 1 Kg. Natural. Bajo en Grasa. 0% Azúcar Añadida. Griego,707
presentacion,Fpsthm360r o Fpsthm360r-013. Manual. 7 Velocidades. Sin Taz?n,Fpsthm360r o Fpsthm360r-013. Manual. 7 Velocidades. Sin Tazón,155
presentacion,Fpstsmpl2b o Fpstsmpl2b-013. Planetaria. Pedestal. 12 Velocidades. Taz?n Acero Inoxidable,Fpstsmpl2b o Fpstsmpl2b-013. Planetaria. Pedestal. 12 Velocidades. Tazón Acero Inoxidable,194
presentacion,Xboom Grab. Duraci?n de Bateria 20 H. Potencia 30 W,Xboom Grab. Duración de Bateria 20 H. Potencia 30 W,213
presentacion,Wfr 5200 D00. 30 Plgs. 6 Quemadores Encendido Electr?nico. Color Acero,Wfr 5200 D00. 30 Plgs. 6 Quemadores Encendido Electrónico. Color Acero,348
presentacion,Galaxy A17 5g. Android 15/memoria Interna 128 Gb. C?mara 50 Mp + 5 Mp + 2 Mp/frontal 13 Mp. 6.7 Plgs. Micro Sd Hasta 2 Tb,Galaxy A17 5g. Android 15/memoria Interna 128 Gb. Cámara 50 Mp + 5 Mp + 2 Mp/frontal 13 Mp. 6.7 Plgs. Micro Sd Hasta 2 Tb,408
presentacion,Mh 1596 Cir. 1.5 Pies C?bicos. Color Silver/espejo,Mh 1596 Cir. 1.5 Pies Cúbicos. Color Silver/espejo,89
presentacion,Ek-501 Fnm. 30 Plgs. 6 Quemadores. Encendido Electr?nico. Color Negra,Ek-501 Fnm. 30 Plgs. 6 Quemadores. Encendido Electrónico. Color Negra,125
presentacion,Caja con 1 Ampolleta de 2 Ml. Soluci?n Inyectable 160 Mg./2 Ml.,Caja con 1 Ampolleta de 2 Ml. Solución Inyectable 160 Mg./2 Ml.,198
presentacion,Caja con 28 Sobres de 10 Mg. (granulado Pedi?trico),Caja con 28 Sobres de 10 Mg. (granulado Pediátrico),582
presentacion,Caja con 10 ?vulos,Caja con 10 Óvulos,1226
presentacion,Frasco con 120 Ml. y Vaso Dosificador. Suspensi?n 800 Mg./4000 Mg./100 Ml.,Frasco con 120 Ml. y Vaso Dosificador. Suspensión 800 Mg./4000 Mg./100 Ml.,174
presentacion,Blister 3 Piezas. Triangular. L?piz Duo,Blister 3 Piezas. Triangular. Lápiz Duo,385
presentacion,Blister 1 Pieza. Cient?fica. Fx - 82 la Plus Pk. 2nd Edition (rosa),Blister 1 Pieza. Científica. Fx - 82 la Plus Pk. 2nd Edition (rosa),92
presentacion,Bolsa 185 Gr. Kacang. Sal y Lim?n,Bolsa 185 Gr. Kacang. Sal y Limón,423
presentacion,Bolsa 170 Gr. Fritos. Sal y Lim?n,Bolsa 170 Gr. Fritos. Sal y Limón,719
presentacion,Blister 4 Piezas. Punto Grueso + 1 L?piz Gratis,Blister 4 Piezas. Punto Grueso + 1 Lápiz Gratis,136
presentacion,"Rs 28 T5 B00b1 (negro). 798 Dm3. 2 Puertas, Verticales. Deshielo Autom?tico de Duraci?n Larga","Rs 28 T5 B00b1 (negro). 798 Dm3. 2 Puertas, Verticales. Deshielo Automático de Duración Larga",93
presentacion,"Ck 43. Cd?s 1 (mp3, Usb y Bluetooth). Potencia 3300 W (pmpo)","Ck 43. Cd´s 1 (mp3, Usb y Bluetooth). Potencia 3300 W (pmpo)",79
presentacion,Bolsa Pl?stico 1 Kg. Est?ndar,Bolsa Plástico 1 Kg. Estándar,145
presentacion,1 Kg. Penca. Tabasco/chiapas/roat?n/portalim?n,1 Kg. Penca. Tabasco/chiapas/roatán/portalimón,12
presentacion,Bolsa 1 Pieza. 18 Mm. X 33 M. Corte F?cil 255. C.b. 00407,Bolsa 1 Pieza. 18 Mm. X 33 M. Corte Fácil 255. C.b. 00407,50
presentacion,Caja con 30 Tabletas de 30 Mg. Liberaci?n Prolongada,Caja con 30 Tabletas de 30 Mg. Liberación Prolongada,252
presentacion,Botella 125 Ml. Et?lico Desnaturalizado. 70°,Botella 125 Ml. Etílico Desnaturalizado. 70°,821
presentacion,Caja con 20 C?psulas o Tabletas de 500 Mg.,Caja con 20 Cápsulas o Tabletas de 500 Mg.,423
presentacion,Caja con 1 Pieza. Econ?mico,Caja con 1 Pieza. Económico,435
presentacion,Caja con 6 Sobres. Sabor Lim?n,Caja con 6 Sobres. Sabor Limón,1462
presentacion,Botella 400 Ml. Humectaci?n Diaria. Piel Normal a Seca,Botella 400 Ml. Humectación Diaria. Piel Normal a Seca,967
presentacion,Paquete 210 Gr. Pr?ncipe,Paquete 210 Gr. Príncipe,1113
presentacion,Bote 285 Gr. (sin Promoci?n) o Bote 342 Gr. (con Promoci?n),Bote 285 Gr. (sin Promoción) o Bote 342 Gr. (con Promoción),834
presentacion,Dona Cubierta de Chocolate. Pieza de 68 a 82 Gr. (12 Cm. de Di?metro Aprox.),Dona Cubierta de Chocolate. Pieza de 68 a 82 Gr. (12 Cm. de Diámetro Aprox.),1032
presentacion,Gcstac6901 o Gcstac6901-013. Vapor. Suela Aerocer?mica,Gcstac6901 o Gcstac6901-013. Vapor. Suela Aerocerámica,67
presentacion,Botella 2 Lt. Sin Az?car,Botella 2 Lt. Sin Azúcar,308
presentacion,Botella 750 Ml. Cl?sico. Hierbas,Botella 750 Ml. Clásico. Hierbas,714
presentacion,Caja 12 Piezas. Unika. S?per. Flujo Abundante,Caja 12 Piezas. Unika. Súper. Flujo Abundante,950
presentacion,Emh 7602 Js0a. Js0b. Js0c. 30 Plgs. 6 Quemadores. Encendido Electr?nico. Color Gris/acero,Emh 7602 Js0a. Js0b. Js0c. 30 Plgs. 6 Quemadores. Encendido Electrónico. Color Gris/acero,462
presentacion,Nx 52 D 3000 Mv/ax. Frente 30 Plgs. 6 Quemadores. Encendido Electr?nico. Color Gris/acero,Nx 52 D 3000 Mv/ax. Frente 30 Plgs. 6 Quemadores. Encendido Electrónico. Color Gris/acero,237
presentacion,Hmm11xpo. 1.1 Pies C?bicos. Color Silver/espejo,Hmm11xpo. 1.1 Pies Cúbicos. Color Silver/espejo,139
presentacion,Caja con 3 Ampolletas No. 1 de 1 Ml. y 3 Ampolletas No. 2 de 2 Ml . Soluci?n Inyectable de 75 Mg./100 Mg./1 Mg.,Caja con 3 Ampolletas No. 1 de 1 Ml. y 3 Ampolletas No. 2 de 2 Ml . Solución Inyectable de 75 Mg./100 Mg./1 Mg.,301
presentacion,Ms 40dg5505 Atax. 1.4 Pies C?bicos. Color Negro/acero,Ms 40dg5505 Atax. 1.4 Pies Cúbicos. Color Negro/acero,182
presentacion,Botella 320 Gr. Pl?stico,Botella 320 Gr. Plástico,416
presentacion,Tubo 73 Ml. Enc?as,Tubo 73 Ml. Encías,344
presentacion,1 Kg. Granel. Est?ndar Morena,1 Kg. Granel. Estándar Morena,240
presentacion,Ek- 501 Fnn . 30 Plgs. 6 Quemadores. Encendido Electr?nico. Color Negro/acero,Ek- 501 Fnn . 30 Plgs. 6 Quemadores. Encendido Electrónico. Color Negro/acero,88
presentacion,Caja con 1 Frasco ?mpula con 10 Ml. de Soluci?n Inyectable 100 Ui/3.64 Mg.,Caja con 1 Frasco Ámpula con 10 Ml. de Solución Inyectable 100 Ui/3.64 Mg.,281
presentacion,Caja con 30 C?psulas de 100 Mg.,Caja con 30 Cápsulas de 100 Mg.,531
presentacion,Caja con Frasco con 30 C?psulas,Caja con Frasco con 30 Cápsulas,320
presentacion,Caja con 30 Tabletas de 95 Mg. Liberaci?n Prolongada,Caja con 30 Tabletas de 95 Mg. Liberación Prolongada,602
presentacion,Botella 220 Ml. Floral. Shampoo ?ntimo de Uso Diario. Fresh,Botella 220 Ml. Floral. Shampoo Íntimo de Uso Diario. Fresh,217
presentacion,1 Kg. Granel. con C?scara,1 Kg. Granel. con Cáscara,121
presentacion,1 Kg. Ahumado. Tipo Marl?n o Tipo Marl?n al Natural,1 Kg. Ahumado. Tipo Marlín o Tipo Marlín al Natural,78
presentacion,Charge 6. Duraci?n de Bateria 28 H. Potencia 30 W,Charge 6. Duración de Bateria 28 H. Potencia 30 W,175
presentacion,Blister 4 Piezas. Hb Hexagonal No. 2. Gratis 1 Bol?grafo. C.b. 49012,Blister 4 Piezas. Hb Hexagonal No. 2. Gratis 1 Bolígrafo. C.b. 49012,24
presentacion,1 Kg. Granel. Macuil o Camar?n para Pelar Macuil. Congelado,1 Kg. Granel. Macuil o Camarón para Pelar Macuil. Congelado,39
presentacion,"Gb 22 Bgs (acero). 617.3 Dm3. 2 Puertas, Horizontal y Vertical. Deshielo Autom?tico Ajustable","Gb 22 Bgs (acero). 617.3 Dm3. 2 Puertas, Horizontal y Vertical. Deshielo Automático Ajustable",17
presentacion,Gcstac6951 o Gcstac6951-013. Vapor. Suela Aerocer?mica,Gcstac6951 o Gcstac6951-013. Vapor. Suela Aerocerámica,26
presentacion,1 Kg. Filete con Piel (chileno o Pac?fico) Congelado,1 Kg. Filete con Piel (chileno o Pacífico) Congelado,91
presentacion,Sobre 30 Gr. Mezclado con Az?car,Sobre 30 Gr. Mezclado con Azúcar,18
presentacion,1 Kg. Filete Sin Piel (chileno o Pac?fico) Descongelado,1 Kg. Filete Sin Piel (chileno o Pacífico) Descongelado,2
presentacion,Pieza. Hecho de Ma?z. Cb 98187500,Pieza. Hecho de Maíz. Cb 98187500,9
presentacion,Caja con Dispositivo Inhalador con 60 Dosis. 50 ?g./250 ?g.,Caja con Dispositivo Inhalador con 60 Dosis. 50 Μg./250 Μg.,531
presentacion,Caja con Una Ampolleta de 2 Ml. Soluci?n Inyectable de 100 Mg./2 Ml.,Caja con Una Ampolleta de 2 Ml. Solución Inyectable de 100 Mg./2 Ml.,285
presentacion,Caja con 3 Tabletas o C?psulas de 500 Mg.,Caja con 3 Tabletas o Cápsulas de 500 Mg.,662
presentacion,Caja con Frasco 60 Ml. Soluci?n Pedi?trica,Caja con Frasco 60 Ml. Solución Pediátrica,669
presentacion,Caja con Frasco Gotero con 15 Ml. Soluci?n 5 Mg./ml.,Caja con Frasco Gotero con 15 Ml. Solución 5 Mg./ml.,652
presentacion,Caja con 1 Ampolleta de 2 Ml. Soluci?n Inyectable de 8 Mg./2 Ml.,Caja con 1 Ampolleta de 2 Ml. Solución Inyectable de 8 Mg./2 Ml.,701
presentacion,Caja con 2 Cartuchos con 3.0 Ml. Suspensi?n 100 Ui/ml. Inyectable,Caja con 2 Cartuchos con 3.0 Ml. Suspensión 100 Ui/ml. Inyectable,470
presentacion,Botella 1 Lt. B?sico o Puro. 70% Alcohol Et?lico,Botella 1 Lt. Básico o Puro. 70% Alcohol Etílico,466
presentacion,Caja Pl?stico 190 Gr. Sin Sal,Caja Plástico 190 Gr. Sin Sal,843
presentacion,Vaso 145 Gr. Natural. Bajo en Grasa. 0% Az?car Añadida. Griego,Vaso 145 Gr. Natural. Bajo en Grasa. 0% Azúcar Añadida. Griego,482
presentacion,Wfr 3200 D00. Frente 30 Plgs. 6 Quemadores. Encendido Electr?nico. Color Acero,Wfr 3200 D00. Frente 30 Plgs. 6 Quemadores. Encendido Electrónico. Color Acero,76
presentacion,"Wfr 3400 D00. 30 Plgs. 6 Quemadores, Encendido Electr?nico. Color Acero","Wfr 3400 D00. 30 Plgs. 6 Quemadores, Encendido Electrónico. Color Acero",450
presentacion,"Wt 1818 a (silver). 504 Dm3. 2 Puertas, Horizontal y Vertical. Deshielo Autom?tico Ajustable","Wt 1818 a (silver). 504 Dm3. 2 Puertas, Horizontal y Vertical. Deshielo Automático Ajustable",52
presentacion,Jes 14 W. 1.4 Pies C?bicos. Color Blanco/espejo,Jes 14 W. 1.4 Pies Cúbicos. Color Blanco/espejo,76
presentacion,Hmm111bs. 1.1 Pies C?bicos. Color Gris/espejo,Hmm111bs. 1.1 Pies Cúbicos. Color Gris/espejo,224
presentacion,1 Kg. Granel. Pechuga con Hueso o Anat?mica o Sin Rabadilla (con Piel),1 Kg. Granel. Pechuga con Hueso o Anatómica o Sin Rabadilla (con Piel),779
presentacion,1 Kg. Granel. Paraiso Petac?n,1 Kg. Granel. Paraiso Petacón,1041
presentacion,"Rme 360 Fg (mre0) (grafito). 368.82 Dm3. 2 Puertas, Horizontal y Vertical. Deshielo Autom?tico Ajustable","Rme 360 Fg (mre0) (grafito). 368.82 Dm3. 2 Puertas, Horizontal y Vertical. Deshielo Automático Ajustable",136
presentacion,"Mhc-v43d. Cd?s 1. Mp3, Dvd, Usb y Bluetooth","Mhc-v43d. Cd´s 1. Mp3, Dvd, Usb y Bluetooth",57
presentacion,Bolsa 22 Piezas. Suave. Extra Largas con Alas. Flujo S?per Abundante,Bolsa 22 Piezas. Suave. Extra Largas con Alas. Flujo Súper Abundante,406
presentacion,Botella 200 Ml. Floral. Shampoo ?ntimo de Uso Diario. Fémina,Botella 200 Ml. Floral. Shampoo Íntimo de Uso Diario. Fémina,500
presentacion,Caja con 28 C?psulas de 150 Mg.,Caja con 28 Cápsulas de 150 Mg.,430
presentacion,Caja con Frasco con 30 Ml. 100 Mg./ml. Soluci?n Gotas,Caja con Frasco con 30 Ml. 100 Mg./ml. Solución Gotas,286
presentacion,Caja con 60 C?psulas de 120 Mg.,Caja con 60 Cápsulas de 120 Mg.,239
presentacion,"Rmb 520 Iw (mrp1) (negro). 522 L. 2 Puertas, Horizontal y Vertical. Deshielo Autom?tico Ajustable","Rmb 520 Iw (mrp1) (negro). 522 L. 2 Puertas, Horizontal y Vertical. Deshielo Automático Ajustable",55
presentacion,Blister 4 Piezas. Punto Mediano + 1 L?piz Gratis,Blister 4 Piezas. Punto Mediano + 1 Lápiz Gratis,267
presentacion,Pb2004g. Velocidades 2+1 Pulso. Base Acero. Vaso Pl?stico. Color Plata,Pb2004g. Velocidades 2+1 Pulso. Base Acero. Vaso Plástico. Color Plata,373
presentacion,Bolsa 360 Gr. Ar?ndanos y Almendras,Bolsa 360 Gr. Arándanos y Almendras,20
presentacion,Bote 900 Gr. Natural. Bajo en Grasa. 0% Az?car Añadida. Griego Zero,Bote 900 Gr. Natural. Bajo en Grasa. 0% Azúcar Añadida. Griego Zero,25
presentacion,Botella 380 Gr. Pl?stico,Botella 380 Gr. Plástico,4
presentacion,Hb2b38mx. de Inmersi?n. 2 Velocidades. Sin Taz?n,Hb2b38mx. de Inmersión. 2 Velocidades. Sin Tazón,17
presentacion,1 Kg. Granel. de Pavo y Cerdo. Americano. 12% Prote?nas,1 Kg. Granel. de Pavo y Cerdo. Americano. 12% Proteínas,28
presentacion,Caja 1 Pieza. B?sica. Hl-820-lv,Caja 1 Pieza. Básica. Hl-820-lv,10
presentacion,Caja con Frasco 120 Disparos. Suspensión 27.5 ?g./50 ?l.,Caja con Frasco 120 Disparos. Suspensión 27.5 Μg./50 Μl.,556
presentacion,Caja con 20 C?psulas de 25 Mg./215 Mg./0.75 Mg.,Caja con 20 Cápsulas de 25 Mg./215 Mg./0.75 Mg.,218
presentacion,Caja con 30 C?psulas de 0.5 Mg.,Caja con 30 Cápsulas de 0.5 Mg.,668
presentacion,Caja con Frasco Soluci?n de 250 Ml. Colutorio con Clorhexidina al 0.12%,Caja con Frasco Solución de 250 Ml. Colutorio con Clorhexidina al 0.12%,419
presentacion,"Caja con 1 Frasco ?mpula con 1 Gr. de Polvo, 1 Ampolleta con 3.5 Ml. de Disolvente","Caja con 1 Frasco Ámpula con 1 Gr. de Polvo, 1 Ampolleta con 3.5 Ml. de Disolvente",633
presentacion,Caja con 12 C?psulas de 500 Mg,Caja con 12 Cápsulas de 500 Mg,811
presentacion,Caja con 1 Jeringa Prellenada Doble C?mara con 3 Ml. y Aguja Desechable Esterilizada,Caja con 1 Jeringa Prellenada Doble Cámara con 3 Ml. y Aguja Desechable Esterilizada,858
presentacion,Caja con 20 C?psulas de 75 Mg. Liberaci?n Prolongada,Caja con 20 Cápsulas de 75 Mg. Liberación Prolongada,918
presentacion,Botella 3 Lt. L?quido,Botella 3 Lt. Líquido,526
presentacion,Botella 750 Ml. L?quido. Pure & Lemon,Botella 750 Ml. Líquido. Pure & Lemon,336
presentacion,Caja con Frasco con 21 C?psulas de 20 Mg.,Caja con Frasco con 21 Cápsulas de 20 Mg.,188
presentacion,Concha. Pieza de 68 a 90 Gr. (12 Cm. de Di?metro Aprox.),Concha. Pieza de 68 a 90 Gr. (12 Cm. de Diámetro Aprox.),1187
presentacion,Sobre 13 Gr. Naranja. No Requiere Az?car,Sobre 13 Gr. Naranja. No Requiere Azúcar,879
presentacion,Botella 220 Gr. Pl?stico,Botella 220 Gr. Plástico,224
presentacion,Botella 142 Gr. Tapa Blanca. Chile. en Polvo con Lim?n,Botella 142 Gr. Tapa Blanca. Chile. en Polvo con Limón,576
presentacion,Caja con 20 Piezas. B?sicas. (pl?sticas),Caja con 20 Piezas. Básicas. (plásticas),279
presentacion,Bolsa Pl?stico 1 Kg. Est?ndar o Morena,Bolsa Plástico 1 Kg. Estándar o Morena,258
presentacion,Fpsths3611 o Fpsths3611-013. Pedestal. 6 Velocidades. Taz?n Vidrio,Fpsths3611 o Fpsths3611-013. Pedestal. 6 Velocidades. Tazón Vidrio,206
presentacion,"Mhc-v73d. Cd?s 1. Mp3, Dvd, Usb y Bluetooth","Mhc-v73d. Cd´s 1. Mp3, Dvd, Usb y Bluetooth",153
presentacion,Ms 1597 Dis. 1.5 Pies C?bicos. Color Negro/espejo,Ms 1597 Dis. 1.5 Pies Cúbicos. Color Negro/espejo,269
presentacion,Gcstbs5051 o Gcstbs5051-013. Vapor . Suela Cer?mica,Gcstbs5051 o Gcstbs5051-013. Vapor . Suela Cerámica,263
presentacion,"Lt 57 Bpsx (plata). 572 Dm3. 2 Puertas, Horizontal y Vertical. Deshielo Autom?tico Ajustable","Lt 57 Bpsx (plata). 572 Dm3. 2 Puertas, Horizontal y Vertical. Deshielo Automático Ajustable",549
presentacion,Caja con Ampolleta y Jeringa Desechable. Suspensi?n Inyectable de 5 Mg./2 Mg.,Caja con Ampolleta y Jeringa Desechable. Suspensión Inyectable de 5 Mg./2 Mg.,146
presentacion,Bl1140mb-mx. Velocidades 12 + 1 Pulso. Base Pl?stico. Vaso Pl?stico. Color Negra,Bl1140mb-mx. Velocidades 12 + 1 Pulso. Base Plástico. Vaso Plástico. Color Negra,140
presentacion,Bolsa Pl?stico 2 Kg. Est?ndar,Bolsa Plástico 2 Kg. Estándar,369
presentacion,Ms 1536 Gir. 1.5 Pies C?bicos. Color Negro/espejo,Ms 1536 Gir. 1.5 Pies Cúbicos. Color Negro/espejo,75
presentacion,Bisquet. Pieza de 68 a 90 Gr. (11 Cm. de Di?metro Aprox.),Bisquet. Pieza de 68 a 90 Gr. (11 Cm. de Diámetro Aprox.),1018
presentacion,1 Kg. Granel. Imitaci?n Queso Panela Canasto,1 Kg. Granel. Imitación Queso Panela Canasto,198
presentacion,Caja con Frasco con Polvo para 50 Ml. Suspensi?n 250 Mg./5 Ml.,Caja con Frasco con Polvo para 50 Ml. Suspensión 250 Mg./5 Ml.,181
presentacion,Botella 500 Ml. Control Ca?da,Botella 500 Ml. Control Caída,95
presentacion,Caja o Frasco con 15 C?psulas de 100 Mg.,Caja o Frasco con 15 Cápsulas de 100 Mg.,410
presentacion,Caja con 60 C?psulas de 60 Mg.,Caja con 60 Cápsulas de 60 Mg.,350
presentacion,Caja con Frasco ?mpula de 10 Ml. y Cinco Jeringas de 3 Ml. Esterilizadas Desechables. 50 000,Caja con Frasco Ámpula de 10 Ml. y Cinco Jeringas de 3 Ml. Esterilizadas Desechables. 50 000,600
presentacion,Emh 7612 Js0a o Js0c. 30 Plgs. 6 Quemadores. Encendido Electr?nico. Gris/acero,Emh 7612 Js0a o Js0c. 30 Plgs. 6 Quemadores. Encendido Electrónico. Gris/acero,91
presentacion,Bolsa 1 Pieza. 12 Mm. X 33 M. Corte F?cil 255. C.b. 00405,Bolsa 1 Pieza. 12 Mm. X 33 M. Corte Fácil 255. C.b. 00405,21
presentacion,Ek- 1131 Mb-ichic. 30 Plgs. 6 Quemadores. Encendido Electr?nico. Color Negro/acero,Ek- 1131 Mb-ichic. 30 Plgs. 6 Quemadores. Encendido Electrónico. Color Negro/acero,131
presentacion,"Rma 250 Fymrm0 (grafito). 251 L. 2 Puertas, Horizontal y Vertical. Deshielo Autom?tico Ajustable","Rma 250 Fymrm0 (grafito). 251 L. 2 Puertas, Horizontal y Vertical. Deshielo Automático Ajustable",223
presentacion,Blister 2 Piezas. de Migaj?n. Clave 5080 C.b. 150801,Blister 2 Piezas. de Migajón. Clave 5080 C.b. 150801,171
presentacion,Fsgg 8660 Srx. Frente 30 Plgs. 6 Quemadores. Encendido Electr?nico. Color Acero,Fsgg 8660 Srx. Frente 30 Plgs. 6 Quemadores. Encendido Electrónico. Color Acero,56
presentacion,"Gm 29 Bp (silver).816 L. 3 Puertas, 2 Verticales y 1 Horizontal. Deshielo Autom?tico Ajustable","Gm 29 Bp (silver).816 L. 3 Puertas, 2 Verticales y 1 Horizontal. Deshielo Automático Ajustable",56
presentacion,Wem 7659 Cfs1a o Cfs1b o Cfis1d. 30 Plgs. 6 Quemadores. Encendido Electr?nico. Color Gris/acero,Wem 7659 Cfs1a o Cfs1b o Cfis1d. 30 Plgs. 6 Quemadores. Encendido Electrónico. Color Gris/acero,90
presentacion,Bolsa Pl?stico 900 Gr. Est?ndar o Morena,Bolsa Plástico 900 Gr. Estándar o Morena,48
presentacion,Hb2b18mx. de Inmersi?n. 2 Velocidades. Sin Taz?n,Hb2b18mx. de Inmersión. 2 Velocidades. Sin Tazón,42
presentacion,Cl?nico. Oral. de Mercurio. Blister 1 Pieza,Clínico. Oral. de Mercurio. Blister 1 Pieza,10
presentacion,1 Kg. Filete Sin Piel (chileno o Pac?fico) Congelado,1 Kg. Filete Sin Piel (chileno o Pacífico) Congelado,2
presentacion,Caja con 1 Frasco ?mpula con 1 Gr. de Polvo y Ampolleta con 3.5 Ml. de Diluyente,Caja con 1 Frasco Ámpula con 1 Gr. de Polvo y Ampolleta con 3.5 Ml. de Diluyente,633
presentacion,Caja con 30 C?psulas de 200 Mg.,Caja con 30 Cápsulas de 200 Mg.,518
presentacion,Caja con 30 C?psulas de 160 Mg.,Caja con 30 Cápsulas de 160 Mg.,674
presentacion,Caja con 28 C?psulas de 60 Mg. Liberaci?n Retardada,Caja con 28 Cápsulas de 60 Mg. Liberación Retardada,473
presentacion,Frasco con Polvo y Cucharita Dosificadora 100 Ml. Hecha la Mezcla Suspensi?n 125 Mg.,Frasco con Polvo y Cucharita Dosificadora 100 Ml. Hecha la Mezcla Suspensión 125 Mg.,412
presentacion,Caja con 12 C?psulas. Active,Caja con 12 Cápsulas. Active,1521
presentacion,Botella 400 Ml. Recuperaci?n Esencial,Botella 400 Ml. Recuperación Esencial,635
presentacion,Botella 125 Ml. B?sico o Puro. 70% Alcohol Et?lico,Botella 125 Ml. Básico o Puro. 70% Alcohol Etílico,272
presentacion,Botella 250 Ml. B?sico o Puro. 70% Alcohol Et?lico,Botella 250 Ml. Básico o Puro. 70% Alcohol Etílico,415
presentacion,Bolsa 25 Gr. Agua. Lim?n,Bolsa 25 Gr. Agua. Limón,948
presentacion,Redmi Note 14 Pro. Android 14/memoria Interna 256 Gb. C?mara 200 Mp + 8 Mp + 2 Mp/frontal 32 Mp. 6.6 Plgs. Micro Sd Hasta 1 Tb,Redmi Note 14 Pro. Android 14/memoria Interna 256 Gb. Cámara 200 Mp + 8 Mp + 2 Mp/frontal 32 Mp. 6.6 Plgs. Micro Sd Hasta 1 Tb,164
presentacion,Mx9125-1bdla. Vertical y Manual 5 Velocidades + 1 Turbo. Taz?n Acero Inoxidable,Mx9125-1bdla. Vertical y Manual 5 Velocidades + 1 Turbo. Tazón Acero Inoxidable,217
presentacion,Bolsa Pl?stico 2 Kg. Refinada,Bolsa Plástico 2 Kg. Refinada,444
presentacion,Paquete 500 Gr. H?gado Rebanado,Paquete 500 Gr. Hígado Rebanado,487
presentacion,"Rma 300 Fymrm0 (silver). 302 L. 2 Puertas, Horizontal y Vertical. Deshielo Autom?tico Ajustable","Rma 300 Fymrm0 (silver). 302 L. 2 Puertas, Horizontal y Vertical. Deshielo Automático Ajustable",85
presentacion,Eke-506. Frente 30 Plgs. 6 Quemadores. Encendido Electr?nico. Color Acero,Eke-506. Frente 30 Plgs. 6 Quemadores. Encendido Electrónico. Color Acero,149
presentacion,Emh 7602 Dss0c. Frente 30 Plgs. 6 Quemadores. Encendido Electr?nico. Color Acero,Emh 7602 Dss0c. Frente 30 Plgs. 6 Quemadores. Encendido Electrónico. Color Acero,68
presentacion,Caja con 28 C?psulas de 75 Mg.,Caja con 28 Cápsulas de 75 Mg.,448
presentacion,"Caja con Frasco ?mpula, Una Ampolleta con Diluyente. Una Jeringa Estéril de 5 Ml. de Pl?stico con Aguja","Caja con Frasco Ámpula, Una Ampolleta con Diluyente. Una Jeringa Estéril de 5 Ml. de Plástico con Aguja",186
presentacion,Mh 7032 Jas. 1.1 Pies C?bicos. Dorador. Color Negro,Mh 7032 Jas. 1.1 Pies Cúbicos. Dorador. Color Negro,174
presentacion,Caja 8 Piezas. Efectos Met?licos. Mod. 58-8628,Caja 8 Piezas. Efectos Metálicos. Mod. 58-8628,213
presentacion,Bolsa 10 Piezas. Naturals. Nocturna con Alas. Flujo S?per Abundante,Bolsa 10 Piezas. Naturals. Nocturna con Alas. Flujo Súper Abundante,62
presentacion,1 Kg. Granel. de ?rbol Verde,1 Kg. Granel. de Árbol Verde,480
presentacion,Envase 300 Ml. Protecci?n Ca?da,Envase 300 Ml. Protección Caída,102
presentacion,Bolsa Pl?stico 907 Gr. Est?ndar,Bolsa Plástico 907 Gr. Estándar,24
presentacion,Caja 228 Gr. Chokis. Cl?sica,Caja 228 Gr. Chokis. Clásica,156
presentacion,Vs 27 Bxqp (silver). 789 L. 2 Puertar Verticales. Deshielo Autom?tico Ajustable,Vs 27 Bxqp (silver). 789 L. 2 Puertar Verticales. Deshielo Automático Ajustable,61
presentacion,Blister 8 Piezas. Punto Grueso + 1 Bol?grafo Gratis,Blister 8 Piezas. Punto Grueso + 1 Bolígrafo Gratis,43
presentacion,Vm122c9. 12000 Btu?s. Tipo Minisplit. Dual Inverter,Vm122c9. 12000 Btu´s. Tipo Minisplit. Dual Inverter,3
presentacion,Frasco 225 Gr. Sin Cafe?na. Descafeinado,Frasco 225 Gr. Sin Cafeína. Descafeinado,2
presentacion,Blister o Caja 1 Pieza. B?sica. Hl-4a o Hl-4a-s,Blister o Caja 1 Pieza. Básica. Hl-4a o Hl-4a-s,60
presentacion,Bolsa 120 Gr. Agua. Lim?n,Bolsa 120 Gr. Agua. Limón,7
presentacion,1 Kg. Filete Sin Piel (chileno o Pac?fico),1 Kg. Filete Sin Piel (chileno o Pacífico),6
presentacion,Caja 12 Piezas. Gratis 2 L?pices. Largo,Caja 12 Piezas. Gratis 2 Lápices. Largo,437
presentacion,Caja con 30 C?psulas de 0.25 Μg.,Caja con 30 Cápsulas de 0.25 Μg.,486
presentacion,Caja con 12 C?psulas. Noche,Caja con 12 Cápsulas. Noche,1515
presentacion,Lata 120 Gr. con 20% de Prote?na de Soya en Agua con Aceite,Lata 120 Gr. con 20% de Proteína de Soya en Agua con Aceite,338
presentacion,Bolsa Pl?stico 900 Gr. Est?ndar,Bolsa Plástico 900 Gr. Estándar,3562
presentacion,Frasco 120 Gr. Sin Cafe?na. Descafeinado,Frasco 120 Gr. Sin Cafeína. Descafeinado,907
presentacion,Caja con 10 C?psulas de 5 Mg./20 Mg. Liberaci?n Prolongada,Caja con 10 Cápsulas de 5 Mg./20 Mg. Liberación Prolongada,771
presentacion,Bolsa 210 Gr. Pan Molido. Cl?sico,Bolsa 210 Gr. Pan Molido. Clásico,1031
presentacion,Botella 220 Gr. Cl?sica,Botella 220 Gr. Clásica,513
presentacion,Gcstbs5052 o Gcstbs5052-013. Vapor . Suela Cer?mica,Gcstbs5052 o Gcstbs5052-013. Vapor . Suela Cerámica,334
presentacion,A 5 Pro 5g. Android 15/memoria Interna 256 Gb. C?mara 50 Mp + 2 Mp + 2 Mp/frontal 8 Mp. 6.6 Plgs. Micro Sd Hasta 1 Tb,A 5 Pro 5g. Android 15/memoria Interna 256 Gb. Cámara 50 Mp + 2 Mp + 2 Mp/frontal 8 Mp. 6.6 Plgs. Micro Sd Hasta 1 Tb,306
presentacion,Em 7654 Bfis3a. 30 Plgs. 6 Quemadores Encendido Electr?nico. Color Gris/acero,Em 7654 Bfis3a. 30 Plgs. 6 Quemadores Encendido Electrónico. Color Gris/acero,443
presentacion,1 Kg. Granel. Jam?n de Pavo y Cerdo. Americano. Especial,1 Kg. Granel. Jamón de Pavo y Cerdo. Americano. Especial,220
presentacion,Garraf?n 20 Lt. (s?lo Liquido),Garrafón 20 Lt. (sólo Liquido),435
presentacion,1 Kg. Granel. H?gado,1 Kg. Granel. Hígado,287
presentacion,Caja con 2 Frascos con 30 C?psulas C/u,Caja con 2 Frascos con 30 Cápsulas C/u,145
presentacion,Caja con 10 C?psulas de 50 Mg.,Caja con 10 Cápsulas de 50 Mg.,285
presentacion,Blister 1 Pieza. 19 Mm. X 16.5 M. Cinta M?gica. con Despachador. Cool Colors,Blister 1 Pieza. 19 Mm. X 16.5 M. Cinta Mágica. con Despachador. Cool Colors,408
presentacion,Blister 4 Piezas. Hexagonal No. 2. Gratis 1 L?piz. C.b. 68106 o 681069,Blister 4 Piezas. Hexagonal No. 2. Gratis 1 Lápiz. C.b. 68106 o 681069,300
presentacion,Blister 8 Piezas. Hexagonal No. 2. Gratis 1 L?piz. C.b. 68114 o 681144,Blister 8 Piezas. Hexagonal No. 2. Gratis 1 Lápiz. C.b. 68114 o 681144,294
presentacion,Pieza. M?s de 46.000 Palabras (nueva Edici?n),Pieza. Más de 46.000 Palabras (nueva Edición),197
presentacion,Fv1953 o Fv1953xo. Vapor. Suela Cer?mica,Fv1953 o Fv1953xo. Vapor. Suela Cerámica,89
presentacion,Blister 1 Pieza. B?sica. Ms-120 Bm,Blister 1 Pieza. Básica. Ms-120 Bm,40
presentacion,Bolsa Pl?stico 1800 Gr. Est?ndar o Morena,Bolsa Plástico 1800 Gr. Estándar o Morena,41
presentacion,Blister 1 Pieza. de Pl?stico. Doble con Dep?sito. Clave 1074,Blister 1 Pieza. de Plástico. Doble con Depósito. Clave 1074,19
presentacion,Blister 1 Pieza. B?sica. Sl-310uc-we,Blister 1 Pieza. Básica. Sl-310uc-we,7
presentacion,Caja con 30 Cápsulas de 0.25 ?g.,Caja con 30 Cápsulas de 0.25 Μg.,329
presentacion,Con Bencilpenicilina Cristalina. Caja con Frasco ?mpula con Polvo y Ampolleta con Diluyente de 2 Ml. Suspensi?n Inyectable 800 000 Ui,Con Bencilpenicilina Cristalina. Caja con Frasco Ámpula con Polvo y Ampolleta con Diluyente de 2 Ml. Suspensión Inyectable 800 000 Ui,292
presentacion,Caja con 20 C?psulas de 200 Mg.,Caja con 20 Cápsulas de 200 Mg.,1180
presentacion,Caja con Una Jeringa 1 Ml. Hypak. Suspensi?n Inyectable,Caja con Una Jeringa 1 Ml. Hypak. Suspensión Inyectable,840
presentacion,Botella 825 Ml. C?rtamo,Botella 825 Ml. Cártamo,1007
presentacion,Blister 3 Piezas. Doble Acci?n. Mediano,Blister 3 Piezas. Doble Acción. Mediano,689
presentacion,Cuerno. Pieza de 68 a 90 Gr. (13 Cm. de Di?metro Aprox.),Cuerno. Pieza de 68 a 90 Gr. (13 Cm. de Diámetro Aprox.),1100
presentacion,"Rme 360 Fgmrm0 (silver). 363 L. 2 Puertas, Horizontal y Vertical. Deshielo Autom?tico Ajustable","Rme 360 Fgmrm0 (silver). 363 L. 2 Puertas, Horizontal y Vertical. Deshielo Automático Ajustable",244
presentacion,Bolsa 22 Piezas. Seda-sec. Extra Largas con Alas. Flujo S?per Abundante,Bolsa 22 Piezas. Seda-sec. Extra Largas con Alas. Flujo Súper Abundante,403
presentacion,Paquete con 2. D. Dura M?s,Paquete con 2. D. Dura Más,485
presentacion,"Rms 510 Iv (mrm0) (silver). 510 L. 2 Puertas, Horizontal y Vertical. Deshielo Autom?tico Ajustable","Rms 510 Iv (mrm0) (silver). 510 L. 2 Puertas, Horizontal y Vertical. Deshielo Automático Ajustable",470
presentacion,Fv2853xo. Vapor. Suela Cer?mica Antiadherente,Fv2853xo. Vapor. Suela Cerámica Antiadherente,193
presentacion,Mh 1536 Gir. 1.5 Pies C?bicos. Dorador. Color Negro/espejo,Mh 1536 Gir. 1.5 Pies Cúbicos. Dorador. Color Negro/espejo,155
presentacion,Frasco 170 Gr. Sin Cafe?na. Descafeinado,Frasco 170 Gr. Sin Cafeína. Descafeinado,986
presentacion,Galaxy A56 5g. Android 15/memoria Interna 256 Gb. C?mara 50 Mp + 12 Mp + 5 Mp/frontal 12 Mp. 6.7 Plgs.,Galaxy A56 5g. Android 15/memoria Interna 256 Gb. Cámara 50 Mp + 12 Mp + 5 Mp/frontal 12 Mp. 6.7 Plgs.,271
presentacion,Bote 900 Gr. Natural. Sin Az?car Añadida,Bote 900 Gr. Natural. Sin Azúcar Añadida,583
presentacion,Botella 650 Ml. Stop Ca?da,Botella 650 Ml. Stop Caída,170
presentacion,Bolsa Pl?stico 900 Gr. Refinada,Bolsa Plástico 900 Gr. Refinada,67
presentacion,Bl1000bg. Velocidades 10 + 1 Pulso. Base Pl?stico. Vaso Vidrio. Color Negra,Bl1000bg. Velocidades 10 + 1 Pulso. Base Plástico. Vaso Vidrio. Color Negra,205
presentacion,Caja con 5 Ampolletas de 2 Ml. Soluci?n Inyectable 160 Mg./2 Ml.,Caja con 5 Ampolletas de 2 Ml. Solución Inyectable 160 Mg./2 Ml.,145
presentacion,Caja con 6 Ampolletas de 2 Ml. Soluci?n Inyectable de 600 Mg./2 Ml.,Caja con 6 Ampolletas de 2 Ml. Solución Inyectable de 600 Mg./2 Ml.,336
presentacion,Caja con 30 C?psulas de 20 Mg.,Caja con 30 Cápsulas de 20 Mg.,533
presentacion,Caja con Frasco ?mpula con Polvo y Una Ampolleta con Diluyente 1 Gr.,Caja con Frasco Ámpula con Polvo y Una Ampolleta con Diluyente 1 Gr.,198
presentacion,Caja con Frasco Gotero con 10 Ml. Soluci?n 100 Mg./ml.,Caja con Frasco Gotero con 10 Ml. Solución 100 Mg./ml.,241
presentacion,Bolsa 8 Piezas. Nocturna Extra Larga con Alas. Flujo S?per Abundante,Bolsa 8 Piezas. Nocturna Extra Larga con Alas. Flujo Súper Abundante,52
presentacion,Caja 1 Pieza. Met?lico. D900,Caja 1 Pieza. Metálico. D900,38
presentacion,Blister 4 Piezas. Triangular No. 2. Gratis 1 L?piz. C.b. 68110 o 681106,Blister 4 Piezas. Triangular No. 2. Gratis 1 Lápiz. C.b. 68110 o 681106,311
presentacion,Blister 1 Pieza. Cient?fica. Fx - 82 la Plus Bu. 2nd Edition (azul),Blister 1 Pieza. Científica. Fx - 82 la Plus Bu. 2nd Edition (azul),95
presentacion,Standard o Est?ndar. Extractor,Standard o Estándar. Extractor,207
presentacion,"Rma 250 Pvmrm0 (silver). 251.2 Dm3. 2 Puertas, Horizontal y Vertical. Deshielo Autom?tico Ajustable","Rma 250 Pvmrm0 (silver). 251.2 Dm3. 2 Puertas, Horizontal y Vertical. Deshielo Automático Ajustable",102
presentacion,Mg 32dg4524 Cgax. 1.1 Pies C?bicos. Dorador. Color Negro,Mg 32dg4524 Cgax. 1.1 Pies Cúbicos. Dorador. Color Negro,50
presentacion,1 Kg. Filete con Piel (chileno o Pac?fico),1 Kg. Filete con Piel (chileno o Pacífico),112
presentacion,Bolsa 900 Gr. Polvo. Acci?n Instantanea,Bolsa 900 Gr. Polvo. Acción Instantanea,31
presentacion,Gcstac6952 o Gcstac6952-013. Vapor. Suela Aerocer?mica,Gcstac6952 o Gcstac6952-013. Vapor. Suela Aerocerámica,15
presentacion,1 Kg. Granel. del Pa?s o del Mar o Entera. Fresco,1 Kg. Granel. del País o del Mar o Entera. Fresco,6
presentacion,Blister 1 Pieza. B?sica. 8046cbb,Blister 1 Pieza. Básica. 8046cbb,11
presentacion,Caja 1 Pieza. B?sica. Sl-310uc/sl-310uc-bk,Caja 1 Pieza. Básica. Sl-310uc/sl-310uc-bk,8
presentacion,Paquete Grande 800 Gr. para S?ndwich,Paquete Grande 800 Gr. para Sándwich,11
presentacion,Swa2040q. 11000 Btu?s. Tipo Minisplit,Swa2040q. 11000 Btu´s. Tipo Minisplit,1
presentacion,Bolsa 900 Gr. Polvo. Poder Activo?,Bolsa 900 Gr. Polvo. Poder Activo…,1444
presentacion,Caja con 32 C?psulas de 100 Mg./300 Mg.,Caja con 32 Cápsulas de 100 Mg./300 Mg.,727
presentacion,Frasco con 120 Ml. Soluci?n 0.040 G./0.150 G./100 Ml.,Frasco con 120 Ml. Solución 0.040 G./0.150 G./100 Ml.,253
presentacion,Con Bencilpenicilina Cristalina. Caja con Frasco ?mpula con Polvo y Ampolleta con Diluyente de 2 Ml. Suspensi?n Inyectable 400 000 Ui,Con Bencilpenicilina Cristalina. Caja con Frasco Ámpula con Polvo y Ampolleta con Diluyente de 2 Ml. Suspensión Inyectable 400 000 Ui,254
presentacion,Bolsa con 10 Piezas. Desechable. Liso. Econ?mico,Bolsa con 10 Piezas. Desechable. Liso. Económico,302
presentacion,Caja con 45 C?psulas,Caja con 45 Cápsulas,782
presentacion,Botella 400 Ml. Control Ca?da,Botella 400 Ml. Control Caída,1524
presentacion,Vaso 64 Gr. Sopa Instant?nea Sabor a Pollo,Vaso 64 Gr. Sopa Instantánea Sabor a Pollo,1051
presentacion,Caja 280 Gr. Integral. Ar?ndanos,Caja 280 Gr. Integral. Arándanos,357
presentacion,Caja 84 Gr. Agua. Lim?n,Caja 84 Gr. Agua. Limón,1078
presentacion,Blstkap-rpb o Blstkap-rpb-013. Velocidades 2. Base Pl?stico. Vaso Pl?stico. Color Roja,Blstkap-rpb o Blstkap-rpb-013. Velocidades 2. Base Plástico. Vaso Plástico. Color Roja,419
presentacion,Caja Pl?stico 190 Gr. con Sal,Caja Plástico 190 Gr. con Sal,801
presentacion,Paquete 210 Gr. Tostado. Cl?sico,Paquete 210 Gr. Tostado. Clásico,1433
presentacion,Botella 150 Gr. Cl?sica,Botella 150 Gr. Clásica,1048
presentacion,Botella 375 Ml. Protecci?n Ca?da,Botella 375 Ml. Protección Caída,958
presentacion,Gt 32 Wp (silver). 315 Dm3. 2 Puertas. Horizontal y Vertical. Deshielo Autom?tico Ajustable,Gt 32 Wp (silver). 315 Dm3. 2 Puertas. Horizontal y Vertical. Deshielo Automático Ajustable,175
presentacion,"Gt 35 Bp (silver). 315 Dm3. 2 Puertas, Horizontal y Vertical. Deshielo Autom?tico Ajustable","Gt 35 Bp (silver). 315 Dm3. 2 Puertas, Horizontal y Vertical. Deshielo Automático Ajustable",192
presentacion,Em 5045 Cais1a. 20 Plgs. 4 Quemadores. Encendido Electr?nico. Color Gris/acero,Em 5045 Cais1a. 20 Plgs. 4 Quemadores. Encendido Electrónico. Color Gris/acero,302
presentacion,Nx 52 T 5411 Ms/ax. 30 Plgs. 6 Quemadores. Encendido Electr?nico. Color Acero,Nx 52 T 5411 Ms/ax. 30 Plgs. 6 Quemadores. Encendido Electrónico. Color Acero,232
presentacion,Moto G56 5g. Android 15/memoria Interna 256 Gb. C?mara 50 Mp + 8mp/frontal 32 Mp. 6.7 Plgs. Micro Sd Hasta 2 Tb,Moto G56 5g. Android 15/memoria Interna 256 Gb. Cámara 50 Mp + 8mp/frontal 32 Mp. 6.7 Plgs. Micro Sd Hasta 2 Tb,177
presentacion,Vs 28 Qbp (silver). 789 L. 2 Puertas. Verticales. Deshielo Autom?tico Ajustable,Vs 28 Qbp (silver). 789 L. 2 Puertas. Verticales. Deshielo Automático Ajustable,175
presentacion,Botella 500 Ml. Cl?sica. Piel Seca,Botella 500 Ml. Clásica. Piel Seca,385
presentacion,Botella 600 Ml. Sabor C?tricos,Botella 600 Ml. Sabor Cítricos,1001
presentacion,Bolsa 105 Gr. Chicharr?n. 100% de Cerdo Natural,Bolsa 105 Gr. Chicharrón. 100% de Cerdo Natural,539
presentacion,Bolsa 8 Piezas. Buenas Noches. Nocturna. Extra Largas con Alas. Flujo S?per Abundante,Bolsa 8 Piezas. Buenas Noches. Nocturna. Extra Largas con Alas. Flujo Súper Abundante,156
presentacion,1 Kg. Granel. Melocot?n,1 Kg. Granel. Melocotón,194
presentacion,Lata 130 Gr. (cl?sico). en Hojuelas en Agua,Lata 130 Gr. (clásico). en Hojuelas en Agua,125
presentacion,Ln8248nx. Velocidades 14. Base Pl?stico. Vaso Vidrio. Color Negra,Ln8248nx. Velocidades 14. Base Plástico. Vaso Vidrio. Color Negra,221
presentacion,1 Kg. Granel. Sin C?scara,1 Kg. Granel. Sin Cáscara,178
presentacion,Caja con 1 Frasco Nebulizador con 18 Gr. y V?lvula Dosificadora. 0.05 % Spray Nasal,Caja con 1 Frasco Nebulizador con 18 Gr. y Válvula Dosificadora. 0.05 % Spray Nasal,480
presentacion,Caja con 20 C?psulas de 0.4 Mg.,Caja con 20 Cápsulas de 0.4 Mg.,521
presentacion,Caja con Frasco con 30 Ml. y Gotero Integrado. Soluci?n Pedi?trica Gotas 100 Mg./ml. Recién Nacidos Hasta 36 Meses. Sabor Uva,Caja con Frasco con 30 Ml. y Gotero Integrado. Solución Pediátrica Gotas 100 Mg./ml. Recién Nacidos Hasta 36 Meses. Sabor Uva,677
presentacion,Caja con 16 C?psulas de 500 Mg.,Caja con 16 Cápsulas de 500 Mg.,520
presentacion,Caja con 7 ?vulos de 100/400 Mg.,Caja con 7 Óvulos de 100/400 Mg.,625
presentacion,"Rf 32 Cg 5411 B1em (negro). 625 Dm3. 2 Puertas, Verticales. Deshielo Autom?tico de Duraci?n Larga","Rf 32 Cg 5411 B1em (negro). 625 Dm3. 2 Puertas, Verticales. Deshielo Automático de Duración Larga",31
presentacion,Fpsthb2610w o Fpsthb2610w-013. de Inmersi?n. 1 Velocidad. Sin Taz?n,Fpsthb2610w o Fpsthb2610w-013. de Inmersión. 1 Velocidad. Sin Tazón,198
presentacion,Caja Pl?stico 12 Piezas. 68-7408. Largo,Caja Plástico 12 Piezas. 68-7408. Largo,100
presentacion,Caja 24 Ceras. Est?ndar. C.b. 201058,Caja 24 Ceras. Estándar. C.b. 201058,531
presentacion,"Caja 1 Pieza. Cient?fica. Fx-991 la Plus 2nd Edition. Preparatoria, Universidad","Caja 1 Pieza. Científica. Fx-991 la Plus 2nd Edition. Preparatoria, Universidad",130
presentacion,Blister 1 Pieza. Cient?fica. Ro-fx-85ms,Blister 1 Pieza. Científica. Ro-fx-85ms,15
presentacion,Pieza. M?s de 28.000 Palabras (nueva Edici?n) C.b. 123984,Pieza. Más de 28.000 Palabras (nueva Edición) C.b. 123984,191
presentacion,"Vt 40 Bjm (menta). 395 Dm3. 2 Puertas, Horizontal y Vertical. Deshielo Autom?tico Ajustable","Vt 40 Bjm (menta). 395 Dm3. 2 Puertas, Horizontal y Vertical. Deshielo Automático Ajustable",36
presentacion,Botella 680 Gr. Reparaci?n Total 5. Cabello Dañado,Botella 680 Gr. Reparación Total 5. Cabello Dañado,621
presentacion,1 Kg. Granel. Entero. del Pac?fico. Fresco,1 Kg. Granel. Entero. del Pacífico. Fresco,18
presentacion,Caja 1 Pieza. Desengrapador. Met?lico,Caja 1 Pieza. Desengrapador. Metálico,43
presentacion,Caja 5000 Piezas. Est?ndar. Puntas Cinceladas. 26/6,Caja 5000 Piezas. Estándar. Puntas Cinceladas. 26/6,10
presentacion,1 Kg. Granel. de Pavo. 12% Prote?nas,1 Kg. Granel. de Pavo. 12% Proteínas,12
presentacion,1 Kg. Granel. Tent?culos. Crudo. Descongelado,1 Kg. Granel. Tentáculos. Crudo. Descongelado,23
presentacion,1 Kg. Entero. Fresco. Raci?n,1 Kg. Entero. Fresco. Ración,4
marca,Larousse. B?sico Escolar,Larousse. Básico Escolar,247
marca,Bic. Evolution ? Kids,Bic. Evolution Ó Kids,1425
marca,Mennen. Protecci?n y Suavidad,Mennen. Protección y Suavidad,725
marca,San?ssimo,Saníssimo,982
marca,Scribe. Cl?sico. 4503,Scribe. Clásico. 4503,140
marca,Los Portales de C?rdoba,Los Portales de Córdoba,1115
marca,Elite. M?xima Suavidad,Elite. Máxima Suavidad,125
marca,Cr?o,Crío,141
marca,Larousse. B?sico,Larousse. Básico,82
marca,Larousse. B?sico. Lengua Española,Larousse. Básico. Lengua Española,252
marca,Maped. Kidy?grip,Maped. Kidy´grip,88
marca,Colgate. M?xima Protecci?n Anticaries,Colgate. Máxima Protección Anticaries,1439
marca,Bic. Cristal. Precisi?n y Suavidad o Diamante,Bic. Cristal. Precisión y Suavidad o Diamante,313
marca,At?n la Mar,Atún la Mar,32
marca,Azor. Aquarelo D?o,Azor. Aquarelo Dúo,20
marca,Bacard?. Solera,Bacardí. Solera,664
marca,Scribe. Cl?sico. 1503,Scribe. Clásico. 1503,85
marca,Prec?ssimo. Eco,Precíssimo. Eco,361
marca,Scribe. Cl?sico. 4703,Scribe. Clásico. 4703,45
marca,Maped. Color? Peps,Maped. Color´ Peps,531
marca,Scribe. Polycover. 2053 (pasta de Pl?stico),Scribe. Polycover. 2053 (pasta de Plástico),253
marca,Maped. Twist?n Flex. The Original,Maped. Twist´n Flex. The Original,136
marca,Bic. Cristal. Dura + el Cl?sico,Bic. Cristal. Dura + el Clásico,267
marca,Elite. Cuidado Cl?sico,Elite. Cuidado Clásico,482
marca,Pétalo. Pr?ctica,Pétalo. Práctica,247
marca,Norma. L?nea Premium,Norma. Línea Premium,88
marca,Maped. Color?peps. Ocean,Maped. Color´peps. Ocean,380
marca,Elmer?s. School Glue,Elmer´s. School Glue,27
marca,Scribe. Cl?sico. 2901,Scribe. Clásico. 2901,66
marca,Infusi?nate,Infusiónate,34
marca,D?héctor,D´héctor,32
marca,Bacard?. Añejo,Bacardí. Añejo,845
marca,Scribe. Cl?sico 1523 (colegial),Scribe. Clásico 1523 (colegial),81
marca,Selecci?n de la Casa,Selección de la Casa,16
marca,Mam? Gallina,Mamá Gallina,46
marca,Av?cola,Avícola,1
marca,L?oréeal Paris. Imédia Excellence Creme. 4,L´oréeal Paris. Imédia Excellence Creme. 4,826
marca,Scribe. Cl?sico. 4513,Scribe. Clásico. 4513,82
marca,Vital?nea,Vitalínea,7
marca,Elmer?s. Disappearing Purple School Glue,Elmer´s. Disappearing Purple School Glue,436
marca,El Cl?sico de Morelos,El Clásico de Morelos,48
marca,"Larousse. Sin?nimos, Ant?nimos e Ideas Afines","Larousse. Sinónimos, Antónimos e Ideas Afines",129
marca,Bic. Cristal. Dura +. el Cl?sico,Bic. Cristal. Dura +. el Clásico,380
marca,Tehuac?n,Tehuacán,477
marca,Maped. Color?peps. Duo Colors,Maped. Color´peps. Duo Colors,244
marca,Doña Mar?a,Doña María,1239
marca,B?falo,Búfalo,2498
marca,Scribe. Cl?sico. 1603,Scribe. Clásico. 1603,123
marca,Scribe. Cl?sico. 4523,Scribe. Clásico. 4523,106
marca,Borges. Cl?sico,Borges. Clásico,71
marca,Gran Tradici?n,Gran Tradición,1056
marca,La Central. Cl?sicos,La Central. Clásicos,710
marca,Colgate. Triple Acci?n,Colgate. Triple Acción,579
marca,Scribe. Cl?sico. 4701,Scribe. Clásico. 4701,36
marca,San L?zaro,San Lázaro,335
marca,Pac?fico,Pacífico,16
marca,Maped. Black?peps,Maped. Black´peps,361
marca,Taj?n. Cl?sico,Tajín. Clásico,576
marca,Bic. Cristal. Precisi?n,Bic. Cristal. Precisión,625
marca,Le?n,León,43
marca,Maped. Color?peps. Star,Maped. Color´peps. Star,869
marca,Maped. Ne?n,Maped. Neón,140
marca,Nescafé. Cl?sico,Nescafé. Clásico,1932
marca,Alpura. Cl?sica,Alpura. Clásica,3495
marca,Prec?ssimo,Precíssimo,10129
marca,Holanda. Crem?ssimo,Holanda. Cremíssimo,740
marca,Sensodyne. con Fl?or. Original,Sensodyne. con Flúor. Original,91
marca,Alimentaci?n para el Bienestar,Alimentación para el Bienestar,97
marca,Sangr?a Señorial,Sangría Señorial,648
marca,Scribe. Cl?sico. 2903,Scribe. Clásico. 2903,103
categoria,Art?culos Deportivos,Artículos Deportivos,496
giro,Panader?as,Panaderías,1033
giro,Jugueter?as,Jugueterías,217
giro,Pescader?as,Pescaderías,869
giro,Tortiller?as,Tortillerías,2562
giro,Papeler?as,Papelerías,41655
nombre_comercial,Tortiller?a Isaura,Tortillería Isaura,5
nombre_comercial,Tortiller?a las Cositias,Tortillería las Cositias,5
nombre_comercial,Tortiller?a la Bufa,Tortillería la Bufa,4
nombre_comercial,Tortiller?a Mago,Tortillería Mago,4
nombre_comercial,Tortiller?a Gina,Tortillería Gina,4
nombre_comercial,Tortiller?a Liz,Tortillería Liz,5
nombre_comercial,Tortiller?a Ricky,Tortillería Ricky,5
nombre_comercial,"Tortiller?a ""chayito""","Tortillería ""chayito""",3
nombre_comercial,Tortiller?a Hortelanos,Tortillería Hortelanos,4
nombre_comercial,Tortiller?a Pollito Campesino,Tortillería Pollito Campesino,5
nombre_comercial,Tortiller?a Uly,Tortillería Uly,4
nombre_comercial,Tortiller?a el Metate,Tortillería el Metate,5
nombre_comercial,Tortiller?a y Molino Infona,Tortillería y Molino Infona,5
nombre_comercial,Tortiller?a la Jalisciense,Tortillería la Jalisciense,4
nombre_comercial,Mega Soriana Sucursal Le?n,Mega Soriana Sucursal León,6217
nombre_comercial,Tortiller?a Caracas,Tortillería Caracas,5
nombre_comercial,Tortiller?a Tepito,Tortillería Tepito,4
nombre_comercial,Tortiller?a Lorena,Tortillería Lorena,7
nombre_comercial,Soriana Hiper Sucursal Soriana R?o 293,Soriana Hiper Sucursal Soriana Río 293,1068
nombre_comercial,Tortiller?a Chelo,Tortillería Chelo,2
nombre_comercial,Tortiller?a Soco,Tortillería Soco,2
nombre_comercial,Tortiller?a la Mami,Tortillería la Mami,4
nombre_comercial,Tortiller?a el Refugio Sucursal Centro,Tortillería el Refugio Sucursal Centro,5
nombre_comercial,Tortiller?a Miguel,Tortillería Miguel,4
nombre_comercial,Tortiller?a el Punto,Tortillería el Punto,3
nombre_comercial,Tortiller?a la Antena,Tortillería la Antena,4
nombre_comercial,Tortiller?a Miranda Sucursal Zapata,Tortillería Miranda Sucursal Zapata,4
nombre_comercial,Tortiller?a la Purisima,Tortillería la Purisima,5
nombre_comercial,Tortiller?a Aztlan,Tortillería Aztlan,2
nombre_comercial,Tortiller?a 3 Hermanos,Tortillería 3 Hermanos,5
nombre_comercial,Soriana H?per Sucursal Ejercito,Soriana Híper Sucursal Ejercito,3372
nombre_comercial,Tortiller?a Flor de Maiz Sucursal Ejercito,Tortillería Flor de Maiz Sucursal Ejercito,4
nombre_comercial,Pescader?a Cepesmar Sucursal Carro Verde,Pescadería Cepesmar Sucursal Carro Verde,22
nombre_comercial,Tortiller?a San Pedro,Tortillería San Pedro,5
nombre_comercial,Tortiller?a San Antonio,Tortillería San Antonio,4
nombre_comercial,Tortiller?a la Providencia,Tortillería la Providencia,7
nombre_comercial,Tortiller?a Santa Cruz,Tortillería Santa Cruz,12
nombre_comercial,Tortiller?a Montecristo,Tortillería Montecristo,4
nombre_comercial,Tortiller?a Por-k,Tortillería Por-k,4
nombre_comercial,Tortiller?a Rosa Verde (la Torti),Tortillería Rosa Verde (la Torti),4
nombre_comercial,Lacomer Sucursal Coyoac?n,Lacomer Sucursal Coyoacán,4413
nombre_comercial,Tortiller?a el Guerrero,Tortillería el Guerrero,4
nombre_comercial,Tortiller?a las Azucenas,Tortillería las Azucenas,4
nombre_comercial,Farmacia Similares Sucursal Rep?blica 62,Farmacia Similares Sucursal República 62,159
nombre_comercial,Tortiller?a Xitle,Tortillería Xitle,5
nombre_comercial,Tortiller?a Piscis,Tortillería Piscis,3
nombre_comercial,Tortiller?a Morelos,Tortillería Morelos,4
nombre_comercial,Tortilleria Gonz?lez,Tortilleria González,3
nombre_comercial,Tortiller?a Barrio de Guadalupe 1 y 2,Tortillería Barrio de Guadalupe 1 y 2,5
nombre_comercial,Tortiller?a Arandas,Tortillería Arandas,5
nombre_comercial,Tortiller?a el Caminito,Tortillería el Caminito,5
nombre_comercial,Tortiller?a Santa Barbara,Tortillería Santa Barbara,4
nombre_comercial,Tortiller?a el Tejaban,Tortillería el Tejaban,4
nombre_comercial,Tortiller?a Lili,Tortillería Lili,3
nombre_comercial,Tortiller?a de la Torre Sucursal Unica,Tortillería de la Torre Sucursal Unica,5
nombre_comercial,Tortiller?a la Aurora Sucursal Sn. Jorge,Tortillería la Aurora Sucursal Sn. Jorge,3
nombre_comercial,Tortiller?a Reforma,Tortillería Reforma,4
nombre_comercial,Panader?a Lecaroz Sucursal Constituyentes,Panadería Lecaroz Sucursal Constituyentes,29
nombre_comercial,Tortiller?a el Michoacano Sucursal la Cuchilla,Tortillería el Michoacano Sucursal la Cuchilla,4
nombre_comercial,Tortiller?a y Molino Salmo 23,Tortillería y Molino Salmo 23,5
nombre_comercial,Panader?a la Superior,Panadería la Superior,20
nombre_comercial,Tortiller?a la Fama Sucursal Centro,Tortillería la Fama Sucursal Centro,5
nombre_comercial,Tortiller?a 5 Estrellas,Tortillería 5 Estrellas,4
nombre_comercial,Panader?a Bocadipan Sucursal Centro,Panadería Bocadipan Sucursal Centro,20
nombre_comercial,Tortiller?a del Puerto,Tortillería del Puerto,4
nombre_comercial,Tortiller?a 5 de Marzo,Tortillería 5 de Marzo,3
nombre_comercial,Tortiller?a la Poblanita,Tortillería la Poblanita,4
nombre_comercial,Tortiller?a el Grano de Oro Sucursal Cuauhtemoc,Tortillería el Grano de Oro Sucursal Cuauhtemoc,4
nombre_comercial,Tortiller?a Serdan,Tortillería Serdan,4
nombre_comercial,Tortiller?a Luisito Sucursal Campeche,Tortillería Luisito Sucursal Campeche,5
nombre_comercial,Tortiller?a Belen,Tortillería Belen,4
nombre_comercial,Muebler?a Villarreal Sucursal Plaza Juarez,Mueblería Villarreal Sucursal Plaza Juarez,160
nombre_comercial,Tortiller?a San Angel,Tortillería San Angel,4
nombre_comercial,Tortiller?a el Granito,Tortillería el Granito,4
nombre_comercial,Tortiller?a la Guadalupana,Tortillería la Guadalupana,16
nombre_comercial,Tortiller?a Torti John,Tortillería Torti John,4
nombre_comercial,Tortiller?a la Cebada,Tortillería la Cebada,4
nombre_comercial,Tortiller?a Esmeralda Sucursal Unica,Tortillería Esmeralda Sucursal Unica,4
nombre_comercial,Tortiller?a la Vencedora Sucursal Oceania,Tortillería la Vencedora Sucursal Oceania,4
nombre_comercial,Tortiller?a Fresno,Tortillería Fresno,4
nombre_comercial,Tortiller?a Lim?n,Tortillería Limón,5
nombre_comercial,Tortiller?a Azteca,Tortillería Azteca,5
nombre_comercial,Tortiller?a la Cijarra,Tortillería la Cijarra,5
nombre_comercial,Farmacia San Pablo Sucursal Arag?n,Farmacia San Pablo Sucursal Aragón,830
nombre_comercial,Molino y Tortiller?a el Modelo,Molino y Tortillería el Modelo,3
nombre_comercial,Tortiller?a San Benito,Tortillería San Benito,11
nombre_comercial,Tortiller?a Tere,Tortillería Tere,7
nombre_comercial,Tortiller?a Sambol 3 Sucursal Degollado,Tortillería Sambol 3 Sucursal Degollado,5
nombre_comercial,Tortiller?a Mercadito Sucursal Mercado,Tortillería Mercadito Sucursal Mercado,4
nombre_comercial,Tortiller?a Nixtali,Tortillería Nixtali,4
nombre_comercial,Tortiller?a la Herradura,Tortillería la Herradura,5
nombre_comercial,Panader?a San José Sucursal Mitras Centro,Panadería San José Sucursal Mitras Centro,20
nombre_comercial,Tortiller?a Agua Santa,Tortillería Agua Santa,4
nombre_comercial,Tortiller?a Loliño Sucursal Casa Blanca,Tortillería Loliño Sucursal Casa Blanca,5
nombre_comercial,Tortiller?a la Candelaria,Tortillería la Candelaria,4
nombre_comercial,Tortiller?a Miranda,Tortillería Miranda,3
nombre_comercial,Tortiller?a Gloria,Tortillería Gloria,2
nombre_comercial,Tortiller?a Jennyfer,Tortillería Jennyfer,4
nombre_comercial,Tortiller?a la Gloria Sucursal Centro,Tortillería la Gloria Sucursal Centro,4
nombre_comercial,Tortiller?a el Comalito,Tortillería el Comalito,4
nombre_comercial,Pescader?a el Mulato Ii,Pescadería el Mulato Ii,6
nombre_comercial,Tortiller?a el Tapatio Sucursal Zona Centro,Tortillería el Tapatio Sucursal Zona Centro,5
nombre_comercial,Tortiller?a Sarita,Tortillería Sarita,8
nombre_comercial,Tortiller?a el Conchalito Sucursal Arcos del Sol,Tortillería el Conchalito Sucursal Arcos del Sol,4
nombre_comercial,Tortiller?a Baja Sur Sucursal Pueblo Nuevo,Tortillería Baja Sur Sucursal Pueblo Nuevo,3
nombre_comercial,Tortiller?a Express Sucursal Mercado Ejidal,Tortillería Express Sucursal Mercado Ejidal,3
nombre_comercial,Tortiller?a la Original,Tortillería la Original,5
nombre_comercial,Tortiller?a Carolina,Tortillería Carolina,4
nombre_comercial,Tortiller?a Mana del Cielo,Tortillería Mana del Cielo,5
nombre_comercial,Tortiller?a Norma,Tortillería Norma,5
nombre_comercial,"Tortiller?a ""la Fé""","Tortillería ""la Fé""",3
nombre_comercial,Tortiller?a Grano Azteca,Tortillería Grano Azteca,4
nombre_comercial,Tortiller?a Mercado San Juanico,Tortillería Mercado San Juanico,4
nombre_comercial,Tortiller?a la Granada,Tortillería la Granada,5
nombre_comercial,Tortiller?a Mazamitla,Tortillería Mazamitla,4
nombre_comercial,Tortiller?a Nataly,Tortillería Nataly,4
nombre_comercial,Tortiller?a Republica,Tortillería Republica,5
nombre_comercial,Tortiller?a Ponchis,Tortillería Ponchis,5
nombre_comercial,Tortiller?a Tlaolli,Tortillería Tlaolli,5
nombre_comercial,Tortiller?a Ely,Tortillería Ely,5
nombre_comercial,Tortiller?a Lulu,Tortillería Lulu,4
nombre_comercial,Tortiller?a Ady,Tortillería Ady,4
nombre_comercial,Tortiller?a Lety,Tortillería Lety,3
nombre_comercial,Bodega Aurrera Sucursal L?pez Mateos,Bodega Aurrera Sucursal López Mateos,4344
nombre_comercial,Tortiller?a Maquina 501,Tortillería Maquina 501,5
nombre_comercial,Chiles Chuy Vel?zquez,Chiles Chuy Velázquez,16
nombre_comercial,Tortiller?a Mora,Tortillería Mora,4
nombre_comercial,Molino para Nixtamal y Tortiller?a,Molino para Nixtamal y Tortillería,3
nombre_comercial,Tortiller?a Vicky,Tortillería Vicky,4
nombre_comercial,Tortiller?a la Hidalguense,Tortillería la Hidalguense,3
nombre_comercial,Tortiller?a San Ramon,Tortillería San Ramon,3
nombre_comercial,Tortiller?a las Palmas,Tortillería las Palmas,4
nombre_comercial,Tortiller?a Liam,Tortillería Liam,5
nombre_comercial,Tortiller?a la Inmaculada,Tortillería la Inmaculada,6
nombre_comercial,Tortiller?a Anah?,Tortillería Anahí,4
nombre_comercial,Tortiller?a Humaya,Tortillería Humaya,2
nombre_comercial,Tortiller?a el Chino,Tortillería el Chino,4
nombre_comercial,Tortiller?a M? Tortilla Sucursal Centro,Tortillería Mí Tortilla Sucursal Centro,5
nombre_comercial,Tortiller?a de la Torre Barraza Sucursal Ejército,Tortillería de la Torre Barraza Sucursal Ejército,4
nombre_comercial,Tortiller?a Ceci,Tortillería Ceci,4
nombre_comercial,Tortiller?a Tortirrikas Sucursal 2,Tortillería Tortirrikas Sucursal 2,4
nombre_comercial,Tortiller?a el Gallo,Tortillería el Gallo,4
nombre_comercial,"Tortiller?a ""el Angel""","Tortillería ""el Angel""",4
nombre_comercial,Tortiller?a el Supremito,Tortillería el Supremito,5
nombre_comercial,Lacteos Marber Sucursal S010 Tultitl?n N2,Lacteos Marber Sucursal S010 Tultitlán N2,9
nombre_comercial,Tortiller?a Fatima Sucursal Fatima Ii,Tortillería Fatima Sucursal Fatima Ii,1
nombre_comercial,El Marlin Plus Pescader?a y Mariscos,El Marlin Plus Pescadería y Mariscos,9
nombre_comercial,Coppel Sucursal Col?n (1360),Coppel Sucursal Colón (1360),497
nombre_comercial,Tortiller?a Kilo Sucursal Gobernadores,Tortillería Kilo Sucursal Gobernadores,5
nombre_comercial,Tortiller?a Tortibasicos del Centro,Tortillería Tortibasicos del Centro,5
nombre_comercial,Tortiller?a Cielito Sucursal Ii,Tortillería Cielito Sucursal Ii,4
nombre_comercial,Tortiller?a la Nacional,Tortillería la Nacional,7
nombre_comercial,Tortiller?a Mary,Tortillería Mary,20
nombre_comercial,Tortiller?a Roma,Tortillería Roma,4
nombre_comercial,Tortiller?a Clavijero,Tortillería Clavijero,3
nombre_comercial,Tortiller?a Santi,Tortillería Santi,3
nombre_comercial,Tortiller?a Willis,Tortillería Willis,4
nombre_comercial,Tortiller?a Estu,Tortillería Estu,4
nombre_comercial,Tortiller?a la Hormiga Sucursal Centro,Tortillería la Hormiga Sucursal Centro,5
nombre_comercial,Tortiller?a 100% Maiz,Tortillería 100% Maiz,4
nombre_comercial,Tortiller?a la Estrella,Tortillería la Estrella,5
nombre_comercial,Tortiller?a las Blancas,Tortillería las Blancas,5
nombre_comercial,Farmacia Similares Sucursal L?pez Ray?n 2,Farmacia Similares Sucursal López Rayón 2,188
nombre_comercial,Panader?a la Abejita,Panadería la Abejita,19
nombre_comercial,Tortiller?a y Molino Castillo,Tortillería y Molino Castillo,4
nombre_comercial,Tortiller?a Barrio de Guadalupe 2,Tortillería Barrio de Guadalupe 2,5
nombre_comercial,Tortiller?a la Paz,Tortillería la Paz,5
nombre_comercial,Tortiller?a Bañuelos,Tortillería Bañuelos,4
nombre_comercial,Tortiller?a Elsita,Tortillería Elsita,5
nombre_comercial,Tortiller?a la Palmita,Tortillería la Palmita,3
nombre_comercial,Tortiller?a el Roble,Tortillería el Roble,5
nombre_comercial,Tortiller?a los del Roble,Tortillería los del Roble,4
nombre_comercial,Tortiller?a Benito,Tortillería Benito,4
nombre_comercial,Tortiller?a la Gloria,Tortillería la Gloria,4
nombre_comercial,Tortiller?a de Lujo Sucursal Colosio,Tortillería de Lujo Sucursal Colosio,4
nombre_comercial,Pasteler?a Panam? Sucursal Stase,Pastelería Panamá Sucursal Stase,8
nombre_comercial,Tortiller?a Mi Tortilla,Tortillería Mi Tortilla,4
nombre_comercial,Tortiller?a Santa Cruz Sucursal Pedro Fuentes,Tortillería Santa Cruz Sucursal Pedro Fuentes,5
nombre_comercial,Tortiller?a de la Torre,Tortillería de la Torre,9
nombre_comercial,Tortiller?a del Golfo,Tortillería del Golfo,4
nombre_comercial,Tortiller?a del Centro,Tortillería del Centro,5
nombre_comercial,Tortiller?a la Pureza Sucursal Centro,Tortillería la Pureza Sucursal Centro,4
nombre_comercial,Tortiller?a el Jardin,Tortillería el Jardin,4
nombre_comercial,Pescader?a Puerto ?ngel,Pescadería Puerto Ángel,3
nombre_comercial,Pescader?a Sevilla Sucursal Carro Verde,Pescadería Sevilla Sucursal Carro Verde,14
nombre_comercial,Tortiller?a Cristo Redentor,Tortillería Cristo Redentor,4
nombre_comercial,Tortiller?a Kilo Sucursal Colosio,Tortillería Kilo Sucursal Colosio,5
nombre_comercial,Tortiller?a la Sombrilla Sucursal Campeche,Tortillería la Sombrilla Sucursal Campeche,4
nombre_comercial,Tortiller?a Penipak,Tortillería Penipak,4
nombre_comercial,Tortiller?a Alex,Tortillería Alex,4
nombre_comercial,Tortiller?a Sofia,Tortillería Sofia,4
nombre_comercial,Casa Lucero Abarrotes y Chiles Secos Sucursal ?nica (iztapalapa),Casa Lucero Abarrotes y Chiles Secos Sucursal Única (iztapalapa),124
nombre_comercial,Panader?a Ermita,Panadería Ermita,17
nombre_comercial,Tortiller?a Mithuga,Tortillería Mithuga,4
nombre_comercial,Tortiller?a Persia,Tortillería Persia,4
nombre_comercial,Panader?a Sagrario,Panadería Sagrario,18
nombre_comercial,Tortiller?a el Roble Ii,Tortillería el Roble Ii,4
nombre_comercial,Tortiller?a Mi Favorita,Tortillería Mi Favorita,4
nombre_comercial,Tortiller?a Carpen Diem (vive el Momento),Tortillería Carpen Diem (vive el Momento),3
nombre_comercial,Tortiller?a la Fe,Tortillería la Fe,8
nombre_comercial,Tortiller?a Sandy,Tortillería Sandy,4
nombre_comercial,Tortiller?a el Rosario,Tortillería el Rosario,5
nombre_comercial,Tortiller?a Pakal,Tortillería Pakal,5
nombre_comercial,Tortiller?a Lupiz,Tortillería Lupiz,4
nombre_comercial,Tortiller?a y Molino Ruiz,Tortillería y Molino Ruiz,5
nombre_comercial,Tortiller?a Quetzalli,Tortillería Quetzalli,4
nombre_comercial,7 Eleven Sucursal Sim?n Bol?var,7 Eleven Sucursal Simón Bolívar,368
nombre_comercial,Tortiller?a Dos Regiones Sucursal del Bosque,Tortillería Dos Regiones Sucursal del Bosque,4
nombre_comercial,Tortiller?a la Oriental Sucursal Casa Blanca,Tortillería la Oriental Sucursal Casa Blanca,5
nombre_comercial,Tortiller?a Daleithy,Tortillería Daleithy,3
nombre_comercial,Tortiller?a Mazorca de Oro,Tortillería Mazorca de Oro,2
nombre_comercial,Ley Sucursal Tres R?os,Ley Sucursal Tres Ríos,522
nombre_comercial,Tortiller?a Villa Hermosa,Tortillería Villa Hermosa,5
nombre_comercial,Tortiller?a Macdonald,Tortillería Macdonald,2
nombre_comercial,Tortiller?a la Torre?n,Tortillería la Torreón,4
nombre_comercial,Tortiller?a Danny Sucursal Centro,Tortillería Danny Sucursal Centro,4
nombre_comercial,Tortiller?a la Xiqueña,Tortillería la Xiqueña,4
nombre_comercial,Tortiller?a y Molino la Morena,Tortillería y Molino la Morena,1
nombre_comercial,Mercer?a y Manualidades de Baja California Sur,Mercería y Manualidades de Baja California Sur,155
nombre_comercial,Pescadería Puerto ?ngel,Pescadería Puerto Ángel,4
nombre_comercial,Papeler?a Mar?n Sucursal Juaréz,Papelería Marón Sucursal Juaréz,109
nombre_comercial,Tortiller?a y Minisuper las Garzas,Tortillería y Minisuper las Garzas,5
nombre_comercial,Molino y Tortiller?a Moreno Sucursal Centro,Molino y Tortillería Moreno Sucursal Centro,3
nombre_comercial,Tortiller?a Mercadito,Tortillería Mercadito,5
nombre_comercial,Tortiller?a Jimenez,Tortillería Jimenez,5
nombre_comercial,Tortiller?a la Azteca,Tortillería la Azteca,8
nombre_comercial,Tortiller?a la Virgen,Tortillería la Virgen,4
nombre_comercial,Tortiller?a Maranatha,Tortillería Maranatha,5
nombre_comercial,Tortiller?a Juan Manuel,Tortillería Juan Manuel,4
nombre_comercial,"Tortiller?a ""cris""","Tortillería ""cris""",5
nombre_comercial,Tortiller?a la Universal,Tortillería la Universal,5
nombre_comercial,Panader?a Bonanza,Panadería Bonanza,20
nombre_comercial,Tortiller?a Santisima Trinidad,Tortillería Santisima Trinidad,5
nombre_comercial,Tortiller?a la Cruz,Tortillería la Cruz,6
nombre_comercial,"Tortiller?a ""jenny""","Tortillería ""jenny""",4
nombre_comercial,Abarrotera el Patr?n,Abarrotera el Patrón,52
nombre_comercial,Tortiller?a Flor de Lima,Tortillería Flor de Lima,4
nombre_comercial,Tortiller?a la Autentica,Tortillería la Autentica,4
nombre_comercial,Tortiller?a Lalos,Tortillería Lalos,3
nombre_comercial,Tortiller?a y Molino la Rosa de Guadalupe,Tortillería y Molino la Rosa de Guadalupe,4
nombre_comercial,Tortiller?a y Molino Carmelita,Tortillería y Molino Carmelita,4
nombre_comercial,Tortiller?a el Molino Rojo,Tortillería el Molino Rojo,4
nombre_comercial,Tortiller?a la Segura,Tortillería la Segura,4
nombre_comercial,Tortiller?a Elvis,Tortillería Elvis,4
nombre_comercial,Tortiller?a el Divino Redentor,Tortillería el Divino Redentor,3
nombre_comercial,Tortiller?a la Higiene Sucursal Gonzalo Guerrero,Tortillería la Higiene Sucursal Gonzalo Guerrero,4
nombre_comercial,Tortiller?a San Luis Sucursal 3,Tortillería San Luis Sucursal 3,5
nombre_comercial,Tortiller?a la Mejor,Tortillería la Mejor,4
nombre_comercial,Tortiller?a R. Maya,Tortillería R. Maya,4
nombre_comercial,Tortiller?a la Estrella Azul,Tortillería la Estrella Azul,4
nombre_comercial,Tortiller?a de Latorre,Tortillería de Latorre,5
nombre_comercial,Tortiller?a la Carreta,Tortillería la Carreta,5
nombre_comercial,Farmacias del Ahorro Sucursal Ocotl?n,Farmacias del Ahorro Sucursal Ocotlán,119
nombre_comercial,Tortiller?a la Princesa,Tortillería la Princesa,4
nombre_comercial,Tortiller?a Rolos Sucursal Unica,Tortillería Rolos Sucursal Unica,4
nombre_comercial,Tortiller?a Valdez,Tortillería Valdez,4
nombre_comercial,Cremer?a Marber Sucursal S031,Cremería Marber Sucursal S031,24
nombre_comercial,Papeler?a San José,Papelería San José,252
nombre_comercial,Tortiller?a del Carmen,Tortillería del Carmen,4
nombre_comercial,Tortiller?a Hernandez,Tortillería Hernandez,4
nombre_comercial,Tortiller?a San Marcos,Tortillería San Marcos,4
nombre_comercial,Panader?a Santa Cruz Sucursal Pinos,Panadería Santa Cruz Sucursal Pinos,25
nombre_comercial,Tortiller?a Grano de Oro Sucursal Rio,Tortillería Grano de Oro Sucursal Rio,5
nombre_comercial,Tortiller?a 4 Milpas,Tortillería 4 Milpas,10
nombre_comercial,Minisuper y Tortiller?a Colosio,Minisuper y Tortillería Colosio,4
nombre_comercial,Tortiller?a la Aventurera,Tortillería la Aventurera,4
nombre_comercial,Tortiller?a Melken,Tortillería Melken,4
nombre_comercial,Tortiller?a Pedregal San Antonio,Tortillería Pedregal San Antonio,4
nombre_comercial,Tortiller?a Charito,Tortillería Charito,4
nombre_comercial,Tortiller?a la Favorita,Tortillería la Favorita,10
nombre_comercial,Tortiller?a Fabrica de Tortillas,Tortillería Fabrica de Tortillas,4
nombre_comercial,Tortiller?a Susy,Tortillería Susy,4
nombre_comercial,Tortiller?a la Nueva,Tortillería la Nueva,5
nombre_comercial,Tortiller?a Nuria,Tortillería Nuria,5
nombre_comercial,Tortiller?a el Tapatio,Tortillería el Tapatio,4
nombre_comercial,Tortiller?a la Fé,Tortillería la Fé,6
nombre_comercial,Rico Mac Pan Sucursal L?pez Mateos,Rico Mac Pan Sucursal López Mateos,20
nombre_comercial,Tortiller?a Maizali Sucursal la Negra,Tortillería Maizali Sucursal la Negra,5
nombre_comercial,Tortiller?a la India Bonita,Tortillería la India Bonita,4
nombre_comercial,Soriana H?per Sucursal Lincoln (10),Soriana Híper Sucursal Lincoln (10),4689
nombre_comercial,Tortiller?a Segura Sucursal Lincoln,Tortillería Segura Sucursal Lincoln,5
nombre_comercial,Tortiller?a L?pez Sucursal Matriz,Tortillería López Sucursal Matriz,4
nombre_comercial,Tortiller?a Nealtican,Tortillería Nealtican,3
nombre_comercial,Soriana S?per Sucursal Canc?n Glorieta,Soriana Súper Sucursal Cancún Glorieta,3062
nombre_comercial,Tortiller?a Canc?n,Tortillería Cancún,4
nombre_comercial,Tortiller?a y Molino Salmo 23 Sucursal Iii,Tortillería y Molino Salmo 23 Sucursal Iii,5
nombre_comercial,Soriana H?per Sucursal Villahermosa Guayabal,Soriana Híper Sucursal Villahermosa Guayabal,4254
nombre_comercial,Panader?a el Mejor Pan Sucursal Centro,Panadería el Mejor Pan Sucursal Centro,16
nombre_comercial,Tortiller?a el Vencedor,Tortillería el Vencedor,5
nombre_comercial,Tortiller?a la Amistad,Tortillería la Amistad,4
nombre_comercial,Tortiller?a Santa Fé del Encino,Tortillería Santa Fé del Encino,4
nombre_comercial,Tortiller?a la Jerezana,Tortillería la Jerezana,4
nombre_comercial,Tortiller?a Esperanza,Tortillería Esperanza,4
nombre_comercial,Tortiller?a Arrollo,Tortillería Arrollo,4
nombre_comercial,Tortiller?a Chihuahua,Tortillería Chihuahua,5
nombre_comercial,Tortiller?a Gisel,Tortillería Gisel,5
nombre_comercial,Tortiller?a la Milpa,Tortillería la Milpa,4
nombre_comercial,Panader?a Democracias,Panadería Democracias,20
nombre_comercial,Tortiller?a Carmela,Tortillería Carmela,4
nombre_comercial,Tortiller?a Neza,Tortillería Neza,4
nombre_comercial,Tortiller?a la Tradici?n,Tortillería la Tradición,4
nombre_comercial,Tortiller?a Villa,Tortillería Villa,4
nombre_comercial,Tortiller?a de Mi Abuelita,Tortillería de Mi Abuelita,3
nombre_comercial,Tortiller?a Oceania Boulevares,Tortillería Oceania Boulevares,4
nombre_comercial,Tortiller?a los Laureles Sucursal Centro,Tortillería los Laureles Sucursal Centro,4
nombre_comercial,Carnicer?a Mr. Brandus (atizapan),Carnicería Mr. Brandus (atizapan),16
nombre_comercial,Tortiller?a Mi Lupita,Tortillería Mi Lupita,4
nombre_comercial,Tortiller?a Mexicana del Baj?o,Tortillería Mexicana del Bajío,5
nombre_comercial,Tortiller?a San José,Tortillería San José,4
nombre_comercial,Tortiller?a la Alteña,Tortillería la Alteña,15
nombre_comercial,Tortiller?a Geraldine,Tortillería Geraldine,4
nombre_comercial,Tortiller?a Irene,Tortillería Irene,4
nombre_comercial,Tortiller?a Gaby,Tortillería Gaby,4
nombre_comercial,Tortiller?a Sambol 2,Tortillería Sambol 2,5
nombre_comercial,Tortiller?a Alondra Sucursal Lomas de Casa Blanca,Tortillería Alondra Sucursal Lomas de Casa Blanca,5
nombre_comercial,Tortiller?a la 10 Sucursal Lomas de Casa Blanca,Tortillería la 10 Sucursal Lomas de Casa Blanca,5
nombre_comercial,Tortiller?a la Mazorquita,Tortillería la Mazorquita,4
nombre_comercial,Tortiller?a San Martin Caballero,Tortillería San Martin Caballero,5
nombre_comercial,Tortiller?a Tortihogar,Tortillería Tortihogar,5
nombre_comercial,Tortiller?a Kirenya,Tortillería Kirenya,2
nombre_comercial,Tortiller?a las Maravillas,Tortillería las Maravillas,5
nombre_comercial,Tortiller?a San Judas Tadeo,Tortillería San Judas Tadeo,9
nombre_comercial,Tortiller?a Hermanos Vazquez Sucursal A.s,Tortillería Hermanos Vazquez Sucursal A.s,5
nombre_comercial,Panificadora la Concepci?n Sucursal Tlaxcala,Panificadora la Concepción Sucursal Tlaxcala,17
nombre_comercial,Tortiller?a y Carnicer?a Santa Rita,Tortillería y Carnicería Santa Rita,4
nombre_comercial,La Especial Sucursal D?az Mir?n,La Especial Sucursal Díaz Mirón,4
nombre_comercial,Tortiller?a Nuevo Fenix,Tortillería Nuevo Fenix,1
nombre_comercial,Pescader?a Mari- I,Pescadería Mari- I,5
nombre_comercial,"Tortiller?a ""la Flor de Atlixco""","Tortillería ""la Flor de Atlixco""",1
nombre_comercial,Pescaderia Mu?oz Matriz,Pescaderia Muðoz Matriz,22
nombre_comercial,Papeler?as Grand Marchand Sucursal Florencia,Papelerías Grand Marchand Sucursal Florencia,424
nombre_comercial,Mercado Atizap?n,Mercado Atizapán,319
nombre_comercial,Tortiller?a Santa Lucia,Tortillería Santa Lucia,4
nombre_comercial,Elektra Sucursal Mega Constituci?n 3466,Elektra Sucursal Mega Constitución 3466,253
nombre_comercial,Tortiller?a Madero,Tortillería Madero,9
nombre_comercial,Tortiller?a Guaycura,Tortillería Guaycura,3
nombre_comercial,Tortiller?a la Rosita,Tortillería la Rosita,3
nombre_comercial,Walmart Sucursal Cd. Ju?rez,Walmart Sucursal Cd. Juárez,3280
nombre_comercial,Tortiller?a Chelito,Tortillería Chelito,5
nombre_comercial,Panader?a San Cayetano,Panadería San Cayetano,21
nombre_comercial,Tortiller?a la Torti (esmeralda),Tortillería la Torti (esmeralda),4
nombre_comercial,Tortiller?a Mercado Sector Popular,Tortillería Mercado Sector Popular,4
nombre_comercial,Tortiller?a la Trinidad,Tortillería la Trinidad,4
nombre_comercial,Tortiller?a la Fuente,Tortillería la Fuente,4
nombre_comercial,Tortiller?a Nativitas,Tortillería Nativitas,1
nombre_comercial,Tortiller?a el Serranito,Tortillería el Serranito,4
nombre_comercial,Chedraui Sucursal Le?n Poliforum,Chedraui Sucursal León Poliforum,4045
nombre_comercial,Tortiller?a Gutiérrez,Tortillería Gutiérrez,5
nombre_comercial,Carnicer?a Chuy Sucursal 10,Carnicería Chuy Sucursal 10,100
nombre_comercial,Tortiller?a el Pueblito,Tortillería el Pueblito,5
nombre_comercial,Tortiller?a Blanquita,Tortillería Blanquita,5
nombre_comercial,Tortiller?a Grano de Oro,Tortillería Grano de Oro,10
nombre_comercial,Tortiller?a y Molino Virgen de la Soledad,Tortillería y Molino Virgen de la Soledad,4
nombre_comercial,Tortiller?a Aries,Tortillería Aries,4
nombre_comercial,Panader?a la Providencia,Panadería la Providencia,12
nombre_comercial,Tortiller?a la Victoria,Tortillería la Victoria,9
nombre_comercial,Tortiller?a Dos Regiones Sucursal España,Tortillería Dos Regiones Sucursal España,4
nombre_comercial,Tortiller?a Nelly Sucursal Unica,Tortillería Nelly Sucursal Unica,4
nombre_comercial,Tortiller?a Super Tortillerama,Tortillería Super Tortillerama,4
nombre_comercial,Panificadora Sagrado Coraz?n,Panificadora Sagrado Corazón,15
nombre_comercial,Tortiller?a la T Sucursal Querétaro,Tortillería la T Sucursal Querétaro,4
nombre_comercial,Tortiller?a Don Ramon,Tortillería Don Ramon,2
nombre_comercial,Tortiller?a Olmeca Sucursal Centro,Tortillería Olmeca Sucursal Centro,4
nombre_comercial,Panificadora la Concepci?n Sucursal Ocotlan,Panificadora la Concepción Sucursal Ocotlan,14
nombre_comercial,Tortiller?a la Flecha,Tortillería la Flecha,5
nombre_comercial,Tortiller?a Juanchorrey,Tortillería Juanchorrey,4
nombre_comercial,Tortiller?a Valdez Sucursal 2,Tortillería Valdez Sucursal 2,4
nombre_comercial,Tortiller?a el Laberinto,Tortillería el Laberinto,4
nombre_comercial,Pescader?a el Rudo,Pescadería el Rudo,7
nombre_comercial,Tortiller?a Esmeralda,Tortillería Esmeralda,1
nombre_comercial,Tortiller?a el Diamante Sucursal Unica,Tortillería el Diamante Sucursal Unica,4
nombre_comercial,Molino y Tortiller?a la Campechanita,Molino y Tortillería la Campechanita,4
nombre_comercial,Tortiller?a Kika Sucursal Unica,Tortillería Kika Sucursal Unica,5
nombre_comercial,Panader?a la Rosa de Oro,Panadería la Rosa de Oro,20
nombre_comercial,Tortiller?a Villahermosa,Tortillería Villahermosa,4
nombre_comercial,Tortiller?a las Gemelas,Tortillería las Gemelas,4
nombre_comercial,Tortiller?a Canalito,Tortillería Canalito,4
nombre_comercial,Tortiller?a Nahuatlacas,Tortillería Nahuatlacas,4
nombre_comercial,Tortiller?a Acuario,Tortillería Acuario,4
nombre_comercial,Tortiller?a la Canasta,Tortillería la Canasta,10
nombre_comercial,Tortiller?a Guanajuato,Tortillería Guanajuato,10
nombre_comercial,Tortiller?a Valle de las Flores,Tortillería Valle de las Flores,3
nombre_comercial,Cremer?a Mas Queso,Cremería Mas Queso,150
nombre_comercial,Tortiller?a Fuentes,Tortillería Fuentes,8
nombre_comercial,Panader?a Le Caroz,Panadería Le Caroz,24
nombre_comercial,Tortiller?a la Fortuna,Tortillería la Fortuna,3
nombre_comercial,Tortiller?a la Romana,Tortillería la Romana,3
nombre_comercial,Tortiller?a el Refugio,Tortillería el Refugio,9
nombre_comercial,Tortiller?a la Montana,Tortillería la Montana,5
nombre_comercial,Tortiller?a Manzanares,Tortillería Manzanares,5
nombre_comercial,Tortiller?a el Señor de la Luz,Tortillería el Señor de la Luz,4
nombre_comercial,Tortiller?a Arteaga,Tortillería Arteaga,4
nombre_comercial,Tortiller?a Alondra Sucursal 1,Tortillería Alondra Sucursal 1,1
nombre_comercial,Tortiller?a Pelayo,Tortillería Pelayo,4
nombre_comercial,Tortiller?a la Nueva Providencia,Tortillería la Nueva Providencia,4
nombre_comercial,Tortiller?a la Ranchera,Tortillería la Ranchera,5
nombre_comercial,Farmatodo Sucursal Ju?rez,Farmatodo Sucursal Juárez,745
nombre_comercial,Tortiller?a Innominada,Tortillería Innominada,3
nombre_comercial,Tortiller?a la Queretana,Tortillería la Queretana,5
nombre_comercial,Soriana Hiper Sucursal Canc?n (126),Soriana Hiper Sucursal Cancún (126),4754
nombre_comercial,Tortiller?a Emanuel,Tortillería Emanuel,5
nombre_comercial,Tortiller?a San Luis,Tortillería San Luis,4
nombre_comercial,Tortiller?a San Luis Sucursal 2,Tortillería San Luis Sucursal 2,5
nombre_comercial,Tortiller?a Mercadito 2,Tortillería Mercadito 2,5
nombre_comercial,Tortiller?a 2 de Abril,Tortillería 2 de Abril,3
nombre_comercial,Tortiller?a Flor de Maiz,Tortillería Flor de Maiz,5
nombre_comercial,Coppel Sucursal D?az Mir?n,Coppel Sucursal Díaz Mirón,227
nombre_comercial,Tortiller?a y Molino de la Torre Sucursal Centro,Tortillería y Molino de la Torre Sucursal Centro,5
nombre_comercial,Tortiller?a Aurora,Tortillería Aurora,4
nombre_comercial,Tortiller?a los Arcos,Tortillería los Arcos,4
nombre_comercial,Pescader?a R?o,Pescadería Río,19
nombre_comercial,Panader?a la Rosa de Oro Sucursal 8,Panadería la Rosa de Oro Sucursal 8,20
nombre_comercial,Tortiller?a Erendira,Tortillería Erendira,5
nombre_comercial,Tortiller?a Juquilita,Tortillería Juquilita,13
nombre_comercial,Tortiller?a la Balanza,Tortillería la Balanza,8
nombre_comercial,Tortiller?a Guanacacha,Tortillería Guanacacha,5
nombre_comercial,Tortiller?a la Guerrerence,Tortillería la Guerrerence,4
nombre_comercial,Tortiller?a las Brisas Sucursal Unica,Tortillería las Brisas Sucursal Unica,4
nombre_comercial,Tortiller?a Oceania,Tortillería Oceania,3
nombre_comercial,Tortiller?a Premium,Tortillería Premium,9
nombre_comercial,Tortiller?a el Globo,Tortillería el Globo,5
nombre_comercial,Tortiller?a Flores Sucursal 02,Tortillería Flores Sucursal 02,4
nombre_comercial,Tortiller?a el Yuca,Tortillería el Yuca,4
nombre_comercial,Tortiller?a Doña Chayo,Tortillería Doña Chayo,1
nombre_comercial,Tortiller?a y Molino Santa Monica,Tortillería y Molino Santa Monica,5
nombre_comercial,Tortiller?a Infonavit,Tortillería Infonavit,5
nombre_comercial,Tortiller?a Angelique Sucursal Uh. Flores Mag?n,Tortillería Angelique Sucursal Uh. Flores Magón,4
nombre_comercial,Tortiller?a Eda,Tortillería Eda,4
nombre_comercial,Tortiller?a Mercedes,Tortillería Mercedes,4
nombre_comercial,Tortiller?a Luis Orci,Tortillería Luis Orci,5
nombre_comercial,Farmacia Guadalajara Sucursal Constituci?n,Farmacia Guadalajara Sucursal Constitución,1020
nombre_comercial,Tortiller?a Avendaño,Tortillería Avendaño,4
nombre_comercial,"Tortiller?a el Gallito, C. 59-a","Tortillería el Gallito, C. 59-a",4
nombre_comercial,Pescaderia Vi?a del Mar,Pescaderia Viða del Mar,23
nombre_comercial,Papeler?a Robert?s,Papelería Robert´s,42
nombre_comercial,Tortiller?a Lupita,Tortillería Lupita,17
nombre_comercial,Tortiller?a Alexia,Tortillería Alexia,4
nombre_comercial,Tortiller?a Doña Esthela,Tortillería Doña Esthela,5
nombre_comercial,Tortiller?a Higienica,Tortillería Higienica,4
nombre_comercial,Tortiller?a Moreno Sucursal Mercado,Tortillería Moreno Sucursal Mercado,3
nombre_comercial,Tortiller?a Nueva Esperanza,Tortillería Nueva Esperanza,5
nombre_comercial,Tortiller?a Pan de Paz,Tortillería Pan de Paz,5
nombre_comercial,Tortiller?a Albania,Tortillería Albania,4
nombre_comercial,Tortiller?a la Subidita,Tortillería la Subidita,4
nombre_comercial,Tortiller?a Centeno,Tortillería Centeno,5
nombre_comercial,Tortiller?a Morena,Tortillería Morena,5
nombre_comercial,Panader?a Monterrey,Panadería Monterrey,15
nombre_comercial,Surti Tienda ?nica (iztapalapa),Surti Tienda Única (iztapalapa),274
nombre_comercial,"Tortiller?a ""joselito""","Tortillería ""joselito""",3
nombre_comercial,"Tortiller?a ""las Hijas del Ma?z""","Tortillería ""las Hijas del Maíz""",3
nombre_comercial,Tortiller?a Odette,Tortillería Odette,5
nombre_comercial,Tortiller?a Mi Preferida,Tortillería Mi Preferida,4
nombre_comercial,Tortiller?a Guadalupe,Tortillería Guadalupe,3
nombre_comercial,Tortiller?a Mar?a José,Tortillería María José,5
nombre_comercial,Tortiller?a Sagrado Coraz?n de Jes?s,Tortillería Sagrado Corazón de Jesús,5
nombre_comercial,Tortiller?a Flores,Tortillería Flores,9
nombre_comercial,Tortiller?a Tlahuica,Tortillería Tlahuica,4
nombre_comercial,Tortiller?a la Calentana,Tortillería la Calentana,5
nombre_comercial,Tortiller?a Silvia,Tortillería Silvia,4
nombre_comercial,Tortiller?a y Molino Salmo 23 Sucursal Ii,Tortillería y Molino Salmo 23 Sucursal Ii,5
nombre_comercial,Tortiller?a Rosy Sucursal Luis Donaldo Colosio,Tortillería Rosy Sucursal Luis Donaldo Colosio,4
nombre_comercial,Fresko la Comer Sucursal San Luis Potos?,Fresko la Comer Sucursal San Luis Potosí,3314
nombre_comercial,Tortiller?a la Maxima,Tortillería la Maxima,4
nombre_comercial,Tortiller?a Casa Blanca,Tortillería Casa Blanca,8
nombre_comercial,Tortiller?a el Señor de Tila Sucursal Centro,Tortillería el Señor de Tila Sucursal Centro,3
nombre_comercial,Tortiller?a Santa Martha,Tortillería Santa Martha,4
nombre_comercial,Tortiller?a Floresta,Tortillería Floresta,4
nombre_comercial,Tortiller?a la Pureza,Tortillería la Pureza,8
nombre_comercial,Tortiller?a la Isabelita,Tortillería la Isabelita,4
nombre_comercial,Tortiller?a Carmelita,Tortillería Carmelita,1
nombre_comercial,V?veres la Pila,Víveres la Pila,13
nombre_comercial,Tortiller?a Juarez,Tortillería Juarez,5
nombre_comercial,Tortiller?a Promasa,Tortillería Promasa,3
nombre_comercial,Tortiller?a las Delicias,Tortillería las Delicias,5
nombre_comercial,Tortiller?a Cristel,Tortillería Cristel,5
nombre_comercial,Tortiller?a Triple a,Tortillería Triple a,5
nombre_comercial,Tortiller?a Santa Rosa,Tortillería Santa Rosa,4
nombre_comercial,Tortiller?a Anahuac,Tortillería Anahuac,8
nombre_comercial,Tortiller?a Zacatecana,Tortillería Zacatecana,4
nombre_comercial,Tortiller?a Sofi,Tortillería Sofi,4
nombre_comercial,Panader?a Esperanza,Panadería Esperanza,42
nombre_comercial,Panader?a Ajusco,Panadería Ajusco,15
nombre_comercial,Tortiller?a Dani,Tortillería Dani,4
nombre_comercial,Tortiller?a la Chiquita,Tortillería la Chiquita,9
nombre_comercial,"Tortiller?a ""paty""","Tortillería ""paty""",3
nombre_comercial,Tortiller?a Chiquita,Tortillería Chiquita,5
nombre_comercial,"Tortiller?a y Molino de Nixtamal ""bolsena""","Tortillería y Molino de Nixtamal ""bolsena""",5
nombre_comercial,Tortiller?a la Espiga,Tortillería la Espiga,10
nombre_comercial,Tortiller?a Camino Real,Tortillería Camino Real,4
nombre_comercial,Tortiller?a Vizcaya,Tortillería Vizcaya,5
nombre_comercial,Tortiller?a la Oriental,Tortillería la Oriental,4
nombre_comercial,"Tortiller?a ""méxico""","Tortillería ""méxico""",5
nombre_comercial,"Tortiller?a ""solis""","Tortillería ""solis""",4
nombre_comercial,Tortiller?a Valle,Tortillería Valle,3
nombre_comercial,Tortiller?a San Juan Malverde,Tortillería San Juan Malverde,5
nombre_comercial,Tortiller?a Rosita,Tortillería Rosita,13
nombre_comercial,Cremer?a City Abastos,Cremería City Abastos,55
nombre_comercial,Tortiller?a Alondra,Tortillería Alondra,1
nombre_comercial,Tortiller?a San Cristobal,Tortillería San Cristobal,4
nombre_comercial,Tortiller?a Santa Monica,Tortillería Santa Monica,4
nombre_comercial,Tortiller?a la Mazorca,Tortillería la Mazorca,5
nombre_comercial,Tortiller?a Diana,Tortillería Diana,4
nombre_comercial,Tortiller?a Avila,Tortillería Avila,3
nombre_comercial,Tortiller?a la M?s Querida,Tortillería la Más Querida,2
nombre_comercial,Tortiller?a el Grano de Oro,Tortillería el Grano de Oro,5
nombre_comercial,Tortiller?a Progreso,Tortillería Progreso,9
nombre_comercial,Tortiller?a Mestizanas,Tortillería Mestizanas,4
nombre_comercial,Tortiller?a la Pilarica,Tortillería la Pilarica,5
nombre_comercial,Tortiller?a la Salvacion del Mundo,Tortillería la Salvacion del Mundo,4
nombre_comercial,Tortiller?a Comercio,Tortillería Comercio,4
nombre_comercial,Pescader?a Torre Mar,Pescadería Torre Mar,2
nombre_comercial,Panader?a Jacobo Sucursal R?o,Panadería Jacobo Sucursal Río,10
nombre_comercial,Tortiller?a la Bochita Sucursal Unica,Tortillería la Bochita Sucursal Unica,5
nombre_comercial,Molino y Tortiller?a la Central,Molino y Tortillería la Central,4
nombre_comercial,Tortiller?a Rocio,Tortillería Rocio,4
nombre_comercial,Tortiller?a Ceilan,Tortillería Ceilan,5
nombre_comercial,Tortiller?a Rio Grande,Tortillería Rio Grande,4
nombre_comercial,Tortiller?a el Milagro,Tortillería el Milagro,12
nombre_comercial,Tortiller?a los Comales,Tortillería los Comales,3
nombre_comercial,Tortiller?a Lecaroz,Tortillería Lecaroz,3
nombre_comercial,Tortiller?a Santa Fe,Tortillería Santa Fe,4
nombre_comercial,Tortiller?a el Rayo,Tortillería el Rayo,4
nombre_comercial,Tortiller?a San Jose,Tortillería San Jose,11
nombre_comercial,Tortiller?a San Mart?n,Tortillería San Martín,5
nombre_comercial,Tortiller?a Fonseca,Tortillería Fonseca,5
nombre_comercial,Walmart Sucursal Renter?a,Walmart Sucursal Rentería,4213
nombre_comercial,Tortiller?a la Santa Cruz,Tortillería la Santa Cruz,4
nombre_comercial,Tortiller?a Sambol Sucursal Degollado 1,Tortillería Sambol Sucursal Degollado 1,5
nombre_comercial,Tortiller?a Eterna Primavera,Tortillería Eterna Primavera,4
nombre_comercial,Tortiller?a Viar Sucursal Buena Vista,Tortillería Viar Sucursal Buena Vista,4
nombre_comercial,Tortiller?a Gini,Tortillería Gini,5
nombre_comercial,Tortiller?a la Regi?n,Tortillería la Región,4
nombre_comercial,Tortiller?a la Higienica,Tortillería la Higienica,9
nombre_comercial,Tortiller?a Tortilla&masa,Tortillería Tortilla&masa,4
nombre_comercial,Tortiller?a de la 10,Tortillería de la 10,3
nombre_comercial,Tortiller?a la Guadalupana Sucursal Palmas,Tortillería la Guadalupana Sucursal Palmas,4
nombre_comercial,Tortiller?a la Oriental Sucursal Palmas,Tortillería la Oriental Sucursal Palmas,4
nombre_comercial,Tortiller?a el Parian,Tortillería el Parian,4
nombre_comercial,Tortiller?a y Molino Salmo 23 Sucursal Colosio,Tortillería y Molino Salmo 23 Sucursal Colosio,5
nombre_comercial,Tortiller?a la Tradicional Sucursal Himalaya,Tortillería la Tradicional Sucursal Himalaya,3
nombre_comercial,Tortiller?a Tlaxkalli,Tortillería Tlaxkalli,4
nombre_comercial,Tortiller?a Bonita,Tortillería Bonita,3
nombre_comercial,Panader?a Modelo,Panadería Modelo,12
nombre_comercial,Tortiller?a Lupita Sucursal Aquiles Serdan (2),Tortillería Lupita Sucursal Aquiles Serdan (2),5
nombre_comercial,Tortiller?a el Buen Maiz,Tortillería el Buen Maiz,4
nombre_comercial,Tortiller?a la Modelo,Tortillería la Modelo,4
nombre_comercial,Tortiller?a las Tres Rosas Sucursal 2,Tortillería las Tres Rosas Sucursal 2,5
nombre_comercial,Tortiller?a del Sagrado Coraz?n,Tortillería del Sagrado Corazón,4
nombre_comercial,Tortiller?a el Laberinto Sucursal 2,Tortillería el Laberinto Sucursal 2,4
nombre_comercial,Pescader?a Pez Mar,Pescadería Pez Mar,9
nombre_comercial,Pescader?a el Charal Sucursal Monterrey,Pescadería el Charal Sucursal Monterrey,8
nombre_comercial,Tortiller?a la Mexicana,Tortillería la Mexicana,9
nombre_comercial,Tortiller?a la Cabaña Sucursal Indeco,Tortillería la Cabaña Sucursal Indeco,5
nombre_comercial,Tortiller?a Pinzon,Tortillería Pinzon,4
nombre_comercial,Tortiller?a Bere,Tortillería Bere,4
nombre_comercial,Tortiller?a San Juan,Tortillería San Juan,6
nombre_comercial,Tortiller?a el Ma?z de Zapata,Tortillería el Maíz de Zapata,5
nombre_comercial,Tortiller?a Lucy,Tortillería Lucy,6
nombre_comercial,Tortiller?a la Lupita,Tortillería la Lupita,15
nombre_comercial,Tortiller?a Chelita,Tortillería Chelita,3
nombre_comercial,Tortiller?a Estrella,Tortillería Estrella,8
nombre_comercial,Tortiller?a la Morena,Tortillería la Morena,4
nombre_comercial,Tortiller?a Villa Coapa,Tortillería Villa Coapa,4
nombre_comercial,Tortiller?a Mayito,Tortillería Mayito,4
nombre_comercial,Tortiller?a el Ranchito,Tortillería el Ranchito,4
nombre_comercial,Panader?a Lecaroz Sucursal Maito,Panadería Lecaroz Sucursal Maito,18
nombre_comercial,Tortiller?a la Central,Tortillería la Central,8
nombre_comercial,Tortiller?a Canchola,Tortillería Canchola,9
nombre_comercial,Tortiller?a la Segunda,Tortillería la Segunda,5
nombre_comercial,"Tortiller?a ""deshirat""","Tortillería ""deshirat""",4
nombre_comercial,Panader?a la Autentica,Panadería la Autentica,15
nombre_comercial,Tortiller?a el Sol,Tortillería el Sol,4
nombre_comercial,Tortiller?a la Zacatecana,Tortillería la Zacatecana,4
nombre_comercial,Abastos Poller?a,Abastos Pollería,16
nombre_comercial,Tortiller?a Santa Tere,Tortillería Santa Tere,8
nombre_comercial,Tortiller?a y Molino Hermanos Orozco,Tortillería y Molino Hermanos Orozco,3
nombre_comercial,Tortiller?a la Uni?n,Tortillería la Unión,5
nombre_comercial,Tortiller?a Toledo,Tortillería Toledo,2
nombre_comercial,Carnicer?a Pryca,Carnicería Pryca,43
nombre_comercial,Tortiller?a Alvarez Sucursal Unica,Tortillería Alvarez Sucursal Unica,4
nombre_comercial,Tortiller?a del Mercado,Tortillería del Mercado,5
nombre_comercial,Tortiller?a Jiménez,Tortillería Jiménez,4
nombre_comercial,Tortiller?a 3 Marias,Tortillería 3 Marias,3
nombre_comercial,Tortiller?a Famy,Tortillería Famy,3
nombre_comercial,Panader?a Bonpane Sucursal Kabah,Panadería Bonpane Sucursal Kabah,23
nombre_comercial,Panader?a y Doneria Don Paco,Panadería y Doneria Don Paco,20
nombre_comercial,Tortiller?a el Javi,Tortillería el Javi,5
nombre_comercial,Tortiller?a la No.1 Sucursal Colosio,Tortillería la No.1 Sucursal Colosio,4
nombre_comercial,Tortiller?a Don Vicente,Tortillería Don Vicente,3
nombre_comercial,Tortiller?a del Rey,Tortillería del Rey,3
nombre_comercial,Tortiller?a Lez Sucursal Mina,Tortillería Lez Sucursal Mina,4
nombre_comercial,Panader?a las Dos Naciones Sucursal Centro,Panadería las Dos Naciones Sucursal Centro,24
nombre_comercial,Tortiller?a de la Torre Sucursal Centro,Tortillería de la Torre Sucursal Centro,4
nombre_comercial,Tortiller?a Hermanos Vazquez Sucursal J.c,Tortillería Hermanos Vazquez Sucursal J.c,5
nombre_comercial,Tortiller?a Teresita,Tortillería Teresita,5
nombre_comercial,Tortiller?a Centli,Tortillería Centli,5
nombre_comercial,Tortiller?a Aquiahuac,Tortillería Aquiahuac,4
nombre_comercial,Tortiller?a el Buen Maiz Sucursal Abasolo,Tortillería el Buen Maiz Sucursal Abasolo,4
nombre_comercial,Tortiller?a Zempoala,Tortillería Zempoala,4
nombre_comercial,Tortiller?a Menchaca,Tortillería Menchaca,4
nombre_comercial,Pescader?a Bahia Kino Sucursal Descargue Estrella,Pescadería Bahia Kino Sucursal Descargue Estrella,20
direccion,Blvd. Jose Ma. Chavez 1809. Entre Valente Quintana y Angel Gzlz.. Col. Prados de Villasunci?n. Cp. 20280,Blvd. Jose Ma. Chavez 1809. Entre Valente Quintana y Angel Gzlz.. Col. Prados de Villasunción. Cp. 20280,3892
direccion,Av. Coyoac?n No. 1435 Edif. H Local 52. Dentro del Multifamiliar Miguel Aleman. Col. del Valle . Cp. 03100,Av. Coyoacán No. 1435 Edif. H Local 52. Dentro del Multifamiliar Miguel Aleman. Col. del Valle . Cp. 03100,2021
direccion,Calz. Acoxpa 1666 Entre Canal de Miramontes y Av. Divisi?n del Norte. Col. Ejidos de Villacoapa. Cp. 14390,Calz. Acoxpa 1666 Entre Canal de Miramontes y Av. División del Norte. Col. Ejidos de Villacoapa. Cp. 14390,665
direccion,Persia No. 48. Entre Asia y Cant?n. Col. Romero Rubio. Cp. 15400,Persia No. 48. Entre Asia y Cantón. Col. Romero Rubio. Cp. 15400,4
direccion,Luis Echeverria Alvarez S/n. Esq. Fundadores. Local 32. Int. Central de Abastos. Col. San Ram?n. Cp. 25020,Luis Echeverria Alvarez S/n. Esq. Fundadores. Local 32. Int. Central de Abastos. Col. San Ramón. Cp. 25020,34
direccion,Cuauhtémoc No. 8. Entre Francisco Sarabia y Hda. de Emiliano Zapata. Col. Santa Mar?a Nativitas. Cp. 53338,Cuauhtémoc No. 8. Entre Francisco Sarabia y Hda. de Emiliano Zapata. Col. Santa María Nativitas. Cp. 53338,4
direccion,Huicholes No. 6. Entre Calle de las Mixtecas y Otomies. Col. Santa Cruz Acatl?n. Cp. 53150,Huicholes No. 6. Entre Calle de las Mixtecas y Otomies. Col. Santa Cruz Acatlán. Cp. 53150,4
direccion,Blvd. Francisco Villa 105. Esq. Blvd. Adolfo L?pez Mateos. Col. el Tlacoache. Cp. 37500,Blvd. Francisco Villa 105. Esq. Blvd. Adolfo López Mateos. Col. el Tlacoache. Cp. 37500,4045
direccion,Av. Paseo de los Leones 1261. Entre Av. Pedro Infante y Av. Hda. de Peñuelas. Col. Cumbres Mediterr?neo. Cp. 64619,Av. Paseo de los Leones 1261. Entre Av. Pedro Infante y Av. Hda. de Peñuelas. Col. Cumbres Mediterráneo. Cp. 64619,3268
direccion,Del Parque 1001. Int. del Centro Comercial Plaza del Sol. Col. Plazas del Sol. Iii Secci?n. Cp. 76099,Del Parque 1001. Int. del Centro Comercial Plaza del Sol. Col. Plazas del Sol. Iii Sección. Cp. 76099,321
direccion,Av. Cruz G?lvez 25. Esq. Agustin Vild?sola. Col. Villa de Seris. Cp. 83280,Av. Cruz Gálvez 25. Esq. Agustin Vildósola. Col. Villa de Seris. Cp. 83280,4
direccion,Cto. Carlos Pellicer C?mara 1020. Esq. Av Universidad (plaza Sendero). Col. José Mar?a Pino Su?rez. Cp. 86029,Cto. Carlos Pellicer Cámara 1020. Esq. Av Universidad (plaza Sendero). Col. José María Pino Suárez. Cp. 86029,223
direccion,Calle 62. N?mero 509. Entre Calle 63 y 65. Col. Centro. Cp. 97000,Calle 62. Número 509. Entre Calle 63 y 65. Col. Centro. Cp. 97000,671
direccion,Av. Aguascalientes Pte. No. 1502. Casi Esq. R?o Arno. Col. Colinas del R?o. Cp. 20010,Av. Aguascalientes Pte. No. 1502. Casi Esq. Río Arno. Col. Colinas del Río. Cp. 20010,4
direccion,Bvd. Colosio No. 4399. Entre Ignacio Ram?rez y Santa Teresa. Col. Centro Comercial Californiano y Perla de la Paz. Cp. 23098,Bvd. Colosio No. 4399. Entre Ignacio Ramírez y Santa Teresa. Col. Centro Comercial Californiano y Perla de la Paz. Cp. 23098,4
direccion,Agust?n Melgar S/n. Esq. L?pez Portillo (interior Plaza Universidad). Col. Bosques de Campeche. Cp. 24030,Agustín Melgar S/n. Esq. López Portillo (interior Plaza Universidad). Col. Bosques de Campeche. Cp. 24030,1868
direccion,Av. Dolores Hidalgo No. 156 Mz. 109. Entre Cholula y Atotonilco. Col. San Felipe de Jes?s. Cp. 07510,Av. Dolores Hidalgo No. 156 Mz. 109. Entre Cholula y Atotonilco. Col. San Felipe de Jesús. Cp. 07510,3
direccion,Nardo No. 65. Entre Genaro V?zquez y Av. Uni?n de Colonos. Col. San Miguel Teotongo. Cp. 09630,Nardo No. 65. Entre Genaro Vázquez y Av. Unión de Colonos. Col. San Miguel Teotongo. Cp. 09630,3
direccion,Periférico Luis Echeverr?a ?lvarez 438. Enter Sinaloa y Cerrada los Angeles. Cp. Republica. Cp. 25280,Periférico Luis Echeverría Álvarez 438. Enter Sinaloa y Cerrada los Angeles. Cp. Republica. Cp. 25280,984
direccion,Exhacienda del Pedregal No. 11. Int. Central de Abasto Atizap?n. Col. Fracc. el Pedregal. Cp. 52947,Exhacienda del Pedregal No. 11. Int. Central de Abasto Atizapán. Col. Fracc. el Pedregal. Cp. 52947,55
direccion,Av. Francisco I. Madero S/n. Esq. 10 de Abril. Col. Revoluci?n. Cp. 56370,Av. Francisco I. Madero S/n. Esq. 10 de Abril. Col. Revolución. Cp. 56370,2
direccion,Ignacio Allende S/n. Entre Calles Teotihuac?n y Zahuatl?n. Col. Tlanepantla Centro. Cp. 54000,Ignacio Allende S/n. Entre Calles Teotihuacán y Zahuatlán. Col. Tlanepantla Centro. Cp. 54000,222
direccion,Av. Guadalupe Oriental No. 401. Entre Mar?a Dolores y Santa Virginia. Col. Oriental. Cp. 37500,Av. Guadalupe Oriental No. 401. Entre María Dolores y Santa Virginia. Col. Oriental. Cp. 37500,5
direccion,Blvd. Hidalgo No. 1405. Entre Blvd. Campespre y del Avio. Col. Fracc. de los G?mez. Cp. 37148,Blvd. Hidalgo No. 1405. Entre Blvd. Campespre y del Avio. Col. Fracc. de los Gómez. Cp. 37148,2605
direccion,Av. L?pez Mateos S/n Local 1008. Interior Mercado Adolfo Lopez Mateos. Col. Benito Juarez,Av. López Mateos S/n Local 1008. Interior Mercado Adolfo Lopez Mateos. Col. Benito Juarez,4
direccion,Universidad No. 101 Nte.. Entre Av. Parque An?huac y Av. Jorge Treviño. Col. An?huac. Cp. 64259,Universidad No. 101 Nte.. Entre Av. Parque Anáhuac y Av. Jorge Treviño. Col. Anáhuac. Cp. 64259,3688
direccion,Carranza 412. Entre Aduana y Gral. César L?pez de Lara. Col. Centro. Cp. 89000,Carranza 412. Entre Aduana y Gral. César López de Lara. Col. Centro. Cp. 89000,131
direccion,Pedro J. Méndez 101. Esq. Cristobal Col?n. Col. Centro. Cp. 89000,Pedro J. Méndez 101. Esq. Cristobal Colón. Col. Centro. Cp. 89000,159
direccion,13 de Enero. N?m. 217. Entre Niños Heroes y Av. Monterrey. Col. Primera de Mayo. Cp. 89400,13 de Enero. Núm. 217. Entre Niños Heroes y Av. Monterrey. Col. Primera de Mayo. Cp. 89400,10
direccion,Antiguo Camino a San Ignacio No. 325. Entre Ambiente y Ecolog?a. Col. Colinas de San Ignacio. Cp. 20016,Antiguo Camino a San Ignacio No. 325. Entre Ambiente y Ecología. Col. Colinas de San Ignacio. Cp. 20016,4
direccion,Av. Miguel F. Mart?nez No. 987. Esq. Salvador D?az Mir?n 4ta. Col. Zona Centro. Cp. 22000,Av. Miguel F. Martínez No. 987. Esq. Salvador Díaz Mirón 4ta. Col. Zona Centro. Cp. 22000,906
direccion,Cuitlahuac 372. Entre Pantaco y Rabai. Col. Jard?n Azpetia. Cp. 02530,Cuitlahuac 372. Entre Pantaco y Rabai. Col. Jardín Azpetia. Cp. 02530,2388
direccion,Canal de Miramontes No. 3122. Esq. Calzada del Hueso (int. Plaza Galer?as Coapa). Col. Exhacienda Coapa. Cp. 14300,Canal de Miramontes No. 3122. Esq. Calzada del Hueso (int. Plaza Galerías Coapa). Col. Exhacienda Coapa. Cp. 14300,85
direccion,Retorno 18 de Av. del Taller. Esq. Av. del Taller. Col. Jard?n Balbuena. Cp. 15900,Retorno 18 de Av. del Taller. Esq. Av. del Taller. Col. Jardín Balbuena. Cp. 15900,5
direccion,Constituci?n 1824 S/n. Enter Plan de San Luis y Av. Muyuguarda. Col. San Lorenzo la Cebada. Cp. 16030,Constitución 1824 S/n. Enter Plan de San Luis y Av. Muyuguarda. Col. San Lorenzo la Cebada. Cp. 16030,4
direccion,Luis Echeverria Alvarez S/n. Esq. Fundadores. Local 73 y 74. Int. Central de Abastos. Col. San Ram?n. Cp. 25020,Luis Echeverria Alvarez S/n. Esq. Fundadores. Local 73 y 74. Int. Central de Abastos. Col. San Ramón. Cp. 25020,150
direccion,Av. Adolfo L?pez Mateos No. 266. Casi Esq. con Av. Océano Pac?fico. Col. Lomas Lindas. Cp. 52947,Av. Adolfo López Mateos No. 266. Casi Esq. con Av. Océano Pacífico. Col. Lomas Lindas. Cp. 52947,4
direccion,Av. Plaza Central No. 53. Entre Valle de las Zapatas y Plazuela de Andaluciaentre Rubens y Holbein. Col. Plazas de Arag?n. Cp. 57139,Av. Plaza Central No. 53. Entre Valle de las Zapatas y Plazuela de Andaluciaentre Rubens y Holbein. Col. Plazas de Aragón. Cp. 57139,3698
direccion,Nezahualc?yothl 105 Entre Plan de Ayala y Josefa Ort?z de D.. Col. Toluca de Lerdo. Cp. 50090,Nezahualcóyothl 105 Entre Plan de Ayala y Josefa Ortíz de D.. Col. Toluca de Lerdo. Cp. 50090,4
direccion,Ray?n 202. Entre Independencia y Lerdo de Tejada. Col. Centro. Cp. 50000,Rayón 202. Entre Independencia y Lerdo de Tejada. Col. Centro. Cp. 50000,159
direccion,Av. José L?pez Portillo 149. Esq. Blvd. Fuentes del Valle. Col. Fuentes del Valle. Cp. 54910,Av. José López Portillo 149. Esq. Blvd. Fuentes del Valle. Col. Fuentes del Valle. Cp. 54910,3495
direccion,Blvd. Mariano Escobedo Oriente 3002. Entre Bulevar Mariano Escobedo y Malec?n. Col. el Tlacoache. Cp. 37500,Blvd. Mariano Escobedo Oriente 3002. Entre Bulevar Mariano Escobedo y Malecón. Col. el Tlacoache. Cp. 37500,6265
direccion,Blvd. Hermanos Aldama No. 4102 (int. Modulo I Bodegas 4 y 5). Int. Ceda Le?n. Col. Ciudad Industrial. Cp. 37490,Blvd. Hermanos Aldama No. 4102 (int. Modulo I Bodegas 4 y 5). Int. Ceda León. Col. Ciudad Industrial. Cp. 37490,52
direccion,Pasaje Catedral 127. Entre Pasaje Galer?as y Pasaje Hidalgo. Col. Centro. Cp. 37000,Pasaje Catedral 127. Entre Pasaje Galerías y Pasaje Hidalgo. Col. Centro. Cp. 37000,20
direccion,Av. Adolfo L?pez Mateos No. 565. Av. Principal. Col. Adolfo L?pez Mateos. Cp. 58180,Av. Adolfo López Mateos No. 565. Av. Principal. Col. Adolfo López Mateos. Cp. 58180,20
direccion,Esteban Baca Calderon No. 3-c. Entre M?rtires de Cananea y M?rtires de Chicago. Col. Infonavit 1ro. de Mayo. Cp. 68025,Esteban Baca Calderon No. 3-c. Entre Mártires de Cananea y Mártires de Chicago. Col. Infonavit 1ro. de Mayo. Cp. 68025,5
direccion,Av. Constituyentes Oriente No. 07. Entre San Luis Potos? y Guanajuato. Col. San Francisquito. Cp. 76058,Av. Constituyentes Oriente No. 07. Entre San Luis Potosí y Guanajuato. Col. San Francisquito. Cp. 76058,29
direccion,Av. Costituci?n 921 C Av. Mendez y Sanchez Magallanes. Col. Centro. Delegacion Cuatro. Cp. 86077,Av. Costitución 921 C Av. Mendez y Sanchez Magallanes. Col. Centro. Delegacion Cuatro. Cp. 86077,1020
direccion,Oriente 91 No. 3113. Entre Congreso de la Uni?n y Norte 62-a. Col. M?rtires de R?o Blanco. Cp. 07880,Oriente 91 No. 3113. Entre Congreso de la Unión y Norte 62-a. Col. Mártires de Río Blanco. Cp. 07880,1
direccion,Av. Revoluci?n No. 151. Entre Av. José Mart? y Doctora. Col. Tacubaya. Cp. 11870,Av. Revolución No. 151. Entre Av. José Martí y Doctora. Col. Tacubaya. Cp. 11870,463
direccion,Blvd. Gustavo D?az Ordaz No. 17813. Entre Av. de las Presas y Av. Garc?a. Col. los Reyes. Cp. 22125,Blvd. Gustavo Díaz Ordaz No. 17813. Entre Av. de las Presas y Av. García. Col. los Reyes. Cp. 22125,186
direccion,Ejer. Nacional 7445. Entre Pdras. Negras y Misi?n Diego de a. Col. Partido Iglesias. Cp. 38618,Ejer. Nacional 7445. Entre Pdras. Negras y Misión Diego de a. Col. Partido Iglesias. Cp. 38618,3280
direccion,Av. Ejercito Nacional No.5230. Entre Av. Plutarco El?as Calles y Camino Viejo a San José. Col. Benito Ju?rez. Cp. 32390,Av. Ejercito Nacional No.5230. Entre Av. Plutarco Elías Calles y Camino Viejo a San José. Col. Benito Juárez. Cp. 32390,339
direccion,Casa del Obrero Mundial No. 375. Entre Anax?goras y Pit?goras. Col. Piedad Narvarte. Cp. 03000,Casa del Obrero Mundial No. 375. Entre Anaxágoras y Pitágoras. Col. Piedad Narvarte. Cp. 03000,3
direccion,Blvd. Miner?a No. 134. Entre Calle Oro y M?rmol. Col. Bonanza. Cp. 25296,Blvd. Minería No. 134. Entre Calle Oro y Mármol. Col. Bonanza. Cp. 25296,20
direccion,20 de Noviembre 700. Esq. L?zaro C?rdenas. Col. Nueva Vizcaya. Cp. 34080,20 de Noviembre 700. Esq. Lázaro Cárdenas. Col. Nueva Vizcaya. Cp. 34080,1376
direccion,Cuauhtémoc No. 10. Entre Fco. Sarabia y Hda. de Emiliano Zapata. Col. Santa Mar?a Nativitas. Cp. 53338,Cuauhtémoc No. 10. Entre Fco. Sarabia y Hda. de Emiliano Zapata. Col. Santa María Nativitas. Cp. 53338,1
direccion,Bosque de las Casaurinas No. 22-4. Entre Av. Ozumbilla y Bosques de los Arrayanes. Col. los Héroes Tec?mac. Cp. 55764,Bosque de las Casaurinas No. 22-4. Entre Av. Ozumbilla y Bosques de los Arrayanes. Col. los Héroes Tecámac. Cp. 55764,3
direccion,Rayon 518. Entre G?mez Pedraza y Santos Degollado. Col. Centro. Cp. 50000,Rayon 518. Entre Gómez Pedraza y Santos Degollado. Col. Centro. Cp. 50000,4
direccion,Av. Niños Heroes y Av. Michoac?n 210. Esq. Av. Cuahutemoc. Col. Ricardo Flores Mag?n. Cp. 39350,Av. Niños Heroes y Av. Michoacán 210. Esq. Av. Cuahutemoc. Col. Ricardo Flores Magón. Cp. 39350,305
direccion,Manuel G?mez Pedraza No. 2608. Casi Esq. Roble. Col. Progreso. Cp. 64420,Manuel Gómez Pedraza No. 2608. Casi Esq. Roble. Col. Progreso. Cp. 64420,4
direccion,Jose Maria Mendoza 353. Esq. Sim?n Bley. Col. Olivares. Cp. 83180,Jose Maria Mendoza 353. Esq. Simón Bley. Col. Olivares. Cp. 83180,5
direccion,Prol. Av. Hidalgo 200. Esq. Laguna Chapay?n. Col. Country Club. Cp. 89250,Prol. Av. Hidalgo 200. Esq. Laguna Chapayán. Col. Country Club. Cp. 89250,85
direccion,Av. Cristobal Col?n 934. Esq. Diego de Ordaz. Col. Reforma. Cp. 91919,Av. Cristobal Colón 934. Esq. Diego de Ordaz. Col. Reforma. Cp. 91919,4
direccion,Belisario Dom?nguez No. 532-a Loc. 7. Entre Torreon y Av. Miguel Alem?n. Col. Zona Centro. Cp. 37000,Belisario Domínguez No. 532-a Loc. 7. Entre Torreon y Av. Miguel Alemán. Col. Zona Centro. Cp. 37000,20
direccion,Av. Luis Hidalgo Monrroy No. 305. Entre Concepci?n ?lvarez y Cl. Mina. Col. San Miguel. Cp. 09630,Av. Luis Hidalgo Monrroy No. 305. Entre Concepción Álvarez y Cl. Mina. Col. San Miguel. Cp. 09630,4
direccion,Acequia No. 7. Entre Prol. Divisi?n del Norte y Calz. Acoxpa. Col. Narciso Mendoza. Cp. 14390,Acequia No. 7. Entre Prol. División del Norte y Calz. Acoxpa. Col. Narciso Mendoza. Cp. 14390,4
direccion,Constituci?n de 1824 No. 17. Esq. Plan de Caborca. Col. San Lorenzo la Cebada. Cp. 16035,Constitución de 1824 No. 17. Esq. Plan de Caborca. Col. San Lorenzo la Cebada. Cp. 16035,4
direccion,José Mar?a Morelos Local 621 del Mercado Cabecera Municial. Col. San Bartolo Naucalpan. Cp. 53000,José María Morelos Local 621 del Mercado Cabecera Municial. Col. San Bartolo Naucalpan. Cp. 53000,4
direccion,Av. Valle del Yang-tse No. 80. Entre Valle del Cerezo y Valle del Cauca. Col. Valle Arag?n 1a. Secci?n. Cp. 57100,Av. Valle del Yang-tse No. 80. Entre Valle del Cerezo y Valle del Cauca. Col. Valle Aragón 1a. Sección. Cp. 57100,3
direccion,Ignacio Ray?n 425. Col. Obreg?n. Cp. 37320,Ignacio Rayón 425. Col. Obregón. Cp. 37320,5
direccion,5 de Mayo No. 220. Blvd. a. L?pez Mateos y Pedro Moreno. Col. Centro. Cp. 37287,5 de Mayo No. 220. Blvd. a. López Mateos y Pedro Moreno. Col. Centro. Cp. 37287,1135
direccion,Blvd. Hermanos Aldama No. 4102. Int. Ceda Le?n. Col. Ciudad Industrial. Cp. 37490,Blvd. Hermanos Aldama No. 4102. Int. Ceda León. Col. Ciudad Industrial. Cp. 37490,285
direccion,Hidalgo 104. Entre 5 de Febrero y Alvaro Obreg?n. Col. Zona Centro. Cp. 37000,Hidalgo 104. Entre 5 de Febrero y Alvaro Obregón. Col. Zona Centro. Cp. 37000,407
direccion,Aristeo Mercado 666. Esq. Agust?n Arriaga Rivera. Col. Nueva Chapultepec Sur. Cp. 58280,Aristeo Mercado 666. Esq. Agustín Arriaga Rivera. Col. Nueva Chapultepec Sur. Cp. 58280,4
direccion,Av.sim?n Bol?var 1248. Entre Av.moisés Saénz y Calle Celaya. Col. Mitras Centro. Cp. 64460,Av.simón Bolívar 1248. Entre Av.moisés Saénz y Calle Celaya. Col. Mitras Centro. Cp. 64460,368
direccion,Calle 12 de Octubre 291. Entre José Mar?a Mendoza y Rafaela Rodr?guez. Col. Balderrama. Cp. 83180,Calle 12 de Octubre 291. Entre José María Mendoza y Rafaela Rodríguez. Col. Balderrama. Cp. 83180,4
direccion,Calzada Ermita Iztapalapa 1729. Entre San Lorenzo y Desviaci?n Pante?n. Col. Ampliacion San Miguel. Cp. 09830,Calzada Ermita Iztapalapa 1729. Entre San Lorenzo y Desviación Panteón. Col. Ampliacion San Miguel. Cp. 09830,368
direccion,Av. José Mar?a Rodr?guez No. 11. Entre de la Cruz y Matamoros. Col. Centro. Cp. 98600,Av. José María Rodríguez No. 11. Entre de la Cruz y Matamoros. Col. Centro. Cp. 98600,9
direccion,Querétaro 1a Local 11. Entre Rep?blica del Salvador y Av. Central. Int. Mercado Ejidal. Col. Barrio de Santa Ana. Cp. 24050,Querétaro 1a Local 11. Entre República del Salvador y Av. Central. Int. Mercado Ejidal. Col. Barrio de Santa Ana. Cp. 24050,3
direccion,Caleta No. 508 Local B. Entre Mitla y Monte Alb?n. Col. Narvarte Ote. Cp. 03023,Caleta No. 508 Local B. Entre Mitla y Monte Albán. Col. Narvarte Ote. Cp. 03023,5
direccion,Rey Nezahualc?yotl Mz. 92 Lt. 17. Casi Esq. Mixtecas. Col. Ajusco Coyoacan. Cp. 04300,Rey Nezahualcóyotl Mz. 92 Lt. 17. Casi Esq. Mixtecas. Col. Ajusco Coyoacan. Cp. 04300,4
direccion,Canal de R?o Churubusco S/n. Bodega J 74. Int. Central de Abasto. Col. Central de Abasto. Cp. 09040,Canal de Río Churubusco S/n. Bodega J 74. Int. Central de Abasto. Col. Central de Abasto. Cp. 09040,124
direccion,Av. Luis Hidalgo Monroy No. 339. Entre San ?ngel y Concepci?n ?lvarez. Col. Barrio San Miguel. Cp. 09360,Av. Luis Hidalgo Monroy No. 339. Entre San Ángel y Concepción Álvarez. Col. Barrio San Miguel. Cp. 09360,4
direccion,Fray Servando Teresa de Mier 58. Esq. Genaro Garc?a. Col. Jard?n Balbuena. Cp. 15900,Fray Servando Teresa de Mier 58. Esq. Genaro García. Col. Jardín Balbuena. Cp. 15900,28
direccion,Blvd. Venustiano Carranza 2063. Entre Distrito Federal y Salvador Gonz?lez Lobo. Col. Rep?blica. Cp. 25280,Blvd. Venustiano Carranza 2063. Entre Distrito Federal y Salvador González Lobo. Col. República. Cp. 25280,159
direccion,Blvd. Hermanos Aldama No. 4102 (modulo 1 Loc 9). Int. Ceda Le?n. Col. Ciudad Industrial. Cp. 37490,Blvd. Hermanos Aldama No. 4102 (modulo 1 Loc 9). Int. Ceda León. Col. Ciudad Industrial. Cp. 37490,124
direccion,Blvd. Adolfo L?pez Mateos No. 2308. Entre Blvd. Fco. Villa y Blvd. Chichimecas. Col. las Bugambilias. Cp. 37270,Blvd. Adolfo López Mateos No. 2308. Entre Blvd. Fco. Villa y Blvd. Chichimecas. Col. las Bugambilias. Cp. 37270,324
direccion,Av. Costera Miguel Alem?n 1623. Gonzalo de Sandoval. Col. Fracc. Magallanes. Cp. 39670,Av. Costera Miguel Alemán 1623. Gonzalo de Sandoval. Col. Fracc. Magallanes. Cp. 39670,312
direccion,Av. Costera Miguel Alem?n 4 Frente a Galer?as Acapulco. Col. Fracc. Magallanes. Cp. 39670,Av. Costera Miguel Alemán 4 Frente a Galerías Acapulco. Col. Fracc. Magallanes. Cp. 39670,434
direccion,Av.cristobal Col?n 360. Entre Jimenez y Juan Mendez. Col. Centro. Cp. 64000,Av.cristobal Colón 360. Entre Jimenez y Juan Mendez. Col. Centro. Cp. 64000,407
direccion,Av. Calicanto No. 101. Esq. del Trabajo. Col. Ampliaci?n del Bosque Sur. Cp. 71244,Av. Calicanto No. 101. Esq. del Trabajo. Col. Ampliación del Bosque Sur. Cp. 71244,4
direccion,Paseo de la Sierra 437-c. Entre Noverola y Centenario Instituto Ju?rez. Col. Reforma. Cp. 86090,Paseo de la Sierra 437-c. Entre Noverola y Centenario Instituto Juárez. Col. Reforma. Cp. 86090,5
direccion,Héroe de Nacorazi No. 106. Entre Cristobal Col?n y Fray Andrés de Olmos. Col. Centro. Cp. 89000,Héroe de Nacorazi No. 106. Entre Cristobal Colón y Fray Andrés de Olmos. Col. Centro. Cp. 89000,5
direccion,Nicolas Bravo 1007. Entre Hern?n Cortes y Francisco Canal. Col. Centro. Cp. 91700,Nicolas Bravo 1007. Entre Hernán Cortes y Francisco Canal. Col. Centro. Cp. 91700,4
direccion,Calz. Sim?n Bolivar 1277. Esq. la Fragua. Col. Moderno. Cp. 91918,Calz. Simón Bolivar 1277. Esq. la Fragua. Col. Moderno. Cp. 91918,991
direccion,Blvd. del Bote 206. Esq. Paseo de la Agaler?a Int. Galerias Zacatecas. Col. Ciudad Argentum. Cp. 98040,Blvd. del Bote 206. Esq. Paseo de la Agalería Int. Galerias Zacatecas. Col. Ciudad Argentum. Cp. 98040,459
direccion,Calle del Tr?fico No. 110. Entre Allende y Av. Ju?rez. Col. Centro. Cp. 98000,Calle del Tráfico No. 110. Entre Allende y Av. Juárez. Col. Centro. Cp. 98000,4
direccion,Miguel de Legaspy No. 1220. Entre Isabel la Cat?lica y Félix Ortega. Col. Centro. Cp. 23000,Miguel de Legaspy No. 1220. Entre Isabel la Católica y Félix Ortega. Col. Centro. Cp. 23000,75
direccion,Belisario Dom?nguez No. 123. Esq. Juarez. Col. Zona Centro. Cp. 37000,Belisario Domínguez No. 123. Esq. Juarez. Col. Zona Centro. Cp. 37000,192
direccion,Paseo de los Heroes 95. Centro Comercial Plaza R?o. Col. Zona Rio. Cp. 22010,Paseo de los Heroes 95. Centro Comercial Plaza Río. Col. Zona Rio. Cp. 22010,4913
direccion,Calle Pensil 380. Entre Revoluci?n y Aranda Osorio. Col. los Choferes. Cp. 29078,Calle Pensil 380. Entre Revolución y Aranda Osorio. Col. los Choferes. Cp. 29078,141
direccion,Blvd. Andrés Serra Rojas 250. Esq. Blvd. ?ngel Albino Corzo. Col. el Retiro. Cp. 29040,Blvd. Andrés Serra Rojas 250. Esq. Blvd. Ángel Albino Corzo. Col. el Retiro. Cp. 29040,3683
direccion,Av. José Vasconcelos No. 124. Entre José Mor?n y Vicente Egu?a. Col. San Miguel Chapultepec. Cp. 11850,Av. José Vasconcelos No. 124. Entre José Morán y Vicente Eguía. Col. San Miguel Chapultepec. Cp. 11850,17
direccion,Luis Echeverria Alvarez S/n. Esq. Fundadores. Local 55. Int. Central de Abastos. Col. San Ram?n. Cp. 25020,Luis Echeverria Alvarez S/n. Esq. Fundadores. Local 55. Int. Central de Abastos. Col. San Ramón. Cp. 25020,31
direccion,Av. Estacas. Esq. José Mar?a Morelos. Col. Naucalpan Centro. Cp. 53000,Av. Estacas. Esq. José María Morelos. Col. Naucalpan Centro. Cp. 53000,466
direccion,Blvd. Adolfo L?pez Mateos 2515. Esq. Av. Barrio de Guadalupe. Col. San Pedro de los Hern?ndez. Cp. 37280,Blvd. Adolfo López Mateos 2515. Esq. Av. Barrio de Guadalupe. Col. San Pedro de los Hernández. Cp. 37280,4344
direccion,Paseo de los Insurgentes No. 1100. Entre Niebla y Blvd. L?pez Mateos Pte.. Col. Jardines del Moral. Cp. 37160,Paseo de los Insurgentes No. 1100. Entre Niebla y Blvd. López Mateos Pte.. Col. Jardines del Moral. Cp. 37160,4456
direccion,Blvd. Francisco Villa No. 1402. Entre Fray Daniel Mireles y Nen?far. Col. Villa de las Flores. Cp. 37278,Blvd. Francisco Villa No. 1402. Entre Fray Daniel Mireles y Nenúfar. Col. Villa de las Flores. Cp. 37278,4213
direccion,Costera Miguel Alem?n 330. Entre Hornitos y Cuauhtémoc. Col. Centro. Cp. 39300,Costera Miguel Alemán 330. Entre Hornitos y Cuauhtémoc. Col. Centro. Cp. 39300,244
direccion,Av. Domingo Diez 700. Esq. Aquiles Serd?n. Col. el Empleado. Cp. 62250,Av. Domingo Diez 700. Esq. Aquiles Serdán. Col. el Empleado. Cp. 62250,4
direccion,Rodrigo G?mez 1200. Entre Papagayo y Guayalejo. Col. Central. Cp. 64320,Rodrigo Gómez 1200. Entre Papagayo y Guayalejo. Col. Central. Cp. 64320,4
direccion,Prolongaci?n de Calicanto No. 108. Entre Miguel Hidalgo y 13 de Diciembre. Col. Calicanto. Cp. 71245,Prolongación de Calicanto No. 108. Entre Miguel Hidalgo y 13 de Diciembre. Col. Calicanto. Cp. 71245,4
direccion,Dr. Enrique Cabrera No. 2348-c. Esq. Rep?blica de Honduras. Col. Humaya. Cp. 80020,Dr. Enrique Cabrera No. 2348-c. Esq. República de Honduras. Col. Humaya. Cp. 80020,281
direccion,Blvd. Solidaridad 118. Entre Av. los Mochis y Jes?s Lujan Verdugo. Col. Emiliano Zapata. Cp. 83280,Blvd. Solidaridad 118. Entre Av. los Mochis y Jesús Lujan Verdugo. Col. Emiliano Zapata. Cp. 83280,4
direccion,Av. Constituci?n No. 11645. Entre Bastar Zozaya y Ruiz Cortinez. Col. Centro. Cp. 86000,Av. Constitución No. 11645. Entre Bastar Zozaya y Ruiz Cortinez. Col. Centro. Cp. 86000,5
direccion,Prolongaci?n Av. Universidad 634. Casi Esq. Periferico. Col. Casa Blanca. Cp. 86060,Prolongación Av. Universidad 634. Casi Esq. Periferico. Col. Casa Blanca. Cp. 86060,1598
direccion,Salvador D?az Mir?n No. 115. Esq. 20 de Noviembre. Col. Zona Centro. Cp. 89000,Salvador Díaz Mirón No. 115. Esq. 20 de Noviembre. Col. Zona Centro. Cp. 89000,20
direccion,Gral. César L?pez de Lara 204. Esq. Francisco I. Madero. Col. Zona Centro. Cp. 89000,Gral. César López de Lara 204. Esq. Francisco I. Madero. Col. Zona Centro. Cp. 89000,5
direccion,Av.constituci?n No.957. Entre Carrilo Puerto y Salvador D?az Mir?n. Col. Zona Centro. Cp. 22000,Av.constitución No.957. Entre Carrilo Puerto y Salvador Díaz Mirón. Col. Zona Centro. Cp. 22000,253
direccion,Clavijero No. 220. Entre Joaqu?n Arriaga y José Mar?a ?greda y S?nchez. Col. Tr?nsito. Cp. 06820,Clavijero No. 220. Entre Joaquín Arriaga y José María Ágreda y Sánchez. Col. Tránsito. Cp. 06820,3
direccion,José Antonio Torres No. 561. Esq. José Mar?a Roa B?rcenas. Col. Vista Alegre. Cp. 06860,José Antonio Torres No. 561. Esq. José María Roa Bárcenas. Col. Vista Alegre. Cp. 06860,4
direccion,Av. Dolores Hidalgo No. 2185. Entre Tecpan de Galeana y Tixtla. Col. San Felipe de Jes?s. Cp. 07510,Av. Dolores Hidalgo No. 2185. Entre Tecpan de Galeana y Tixtla. Col. San Felipe de Jesús. Cp. 07510,3
direccion,Calle Coyuca Mz. 124 Lt. 1659. Entre Tecpan de Galeana y Tixtla. Col. San Felipe de Jes?s. Cp. 07510,Calle Coyuca Mz. 124 Lt. 1659. Entre Tecpan de Galeana y Tixtla. Col. San Felipe de Jesús. Cp. 07510,3
direccion,Carlos Hank Gonz?lez S/n. Entre Oaxaca y Gobernadora. Col. Santa Mar?a Tulpetlac. Cp. 55400,Carlos Hank González S/n. Entre Oaxaca y Gobernadora. Col. Santa María Tulpetlac. Cp. 55400,5207
direccion,Av. Adolfo Lopez Mateos 483-a. Esq. Benito Melchor de los Reyes. Col. L?pez Mateos. Cp. 58180,Av. Adolfo Lopez Mateos 483-a. Esq. Benito Melchor de los Reyes. Col. López Mateos. Cp. 58180,2
direccion,Matamoros 11. Entre Santos Degollado y Arag?n. Col. Centro. Cp. 62000,Matamoros 11. Entre Santos Degollado y Aragón. Col. Centro. Cp. 62000,5
direccion,Rep?blica de Per? 2332. Entre Rep?blica de Costa Rica y Rep?blica de Guatemala. Col. Humaya. Cp. 80020,República de Perú 2332. Entre República de Costa Rica y República de Guatemala. Col. Humaya. Cp. 80020,3
direccion,Av. Hidalgo 1008. Entre Camelia y Clavel. Col. Jard?n. Cp. 89260,Av. Hidalgo 1008. Entre Camelia y Clavel. Col. Jardín. Cp. 89260,845
direccion,Int. Mercado Emlio S?nchez Piedras Loc. 277. Entre Emilio S?nchez Piedras y Miguel Lira y Ortega. Col. Centro. Cp. 90000,Int. Mercado Emlio Sánchez Piedras Loc. 277. Entre Emilio Sánchez Piedras y Miguel Lira y Ortega. Col. Centro. Cp. 90000,4
direccion,Exhacienda de Portales S/n Nave 3 Bodega 17-18. Int. Central de Abasto Tultitl?n. Col. Villas de San José. Cp. 54899,Exhacienda de Portales S/n Nave 3 Bodega 17-18. Int. Central de Abasto Tultitlán. Col. Villas de San José. Cp. 54899,13
direccion,Manuel J. Clouthier 10110. Casi Esq. Hiedra. Col. Infonavit Ampliaci?n Aeropuerto. Cp. 32587,Manuel J. Clouthier 10110. Casi Esq. Hiedra. Col. Infonavit Ampliación Aeropuerto. Cp. 32587,3893
direccion,Felix Cuevas 920. Heriberto Fr?as y Juan Sanchez Azcona. Col. del Valle. Cp. 03100,Felix Cuevas 920. Heriberto Frías y Juan Sanchez Azcona. Col. del Valle. Cp. 03100,23
direccion,Calle Atotonilco No. 39. Entre Dolores Hidalgo y Cuatitl?n. Col. San Felipe de Jes?s. Cp. 07510,Calle Atotonilco No. 39. Entre Dolores Hidalgo y Cuatitlán. Col. San Felipe de Jesús. Cp. 07510,3
direccion,Luis Hidalgo Monroy 423. Esq. Quetzal. Col. Leyes de Reforma 1a. Secci?n. Cp. 09340,Luis Hidalgo Monroy 423. Esq. Quetzal. Col. Leyes de Reforma 1a. Sección. Cp. 09340,212
direccion,Av. R?o Mayo No. 2. Esq. R?o Fr?o. Col. Alfonso Ort?z Tirado. Cp. 09020,Av. Río Mayo No. 2. Esq. Río Frío. Col. Alfonso Ortíz Tirado. Cp. 09020,4
direccion,Bosques de los Cedros No. 8. Casi Esq. Bosques de los Pirules. Col. los Héroes Tec?mac. Cp. 55764,Bosques de los Cedros No. 8. Casi Esq. Bosques de los Pirules. Col. los Héroes Tecámac. Cp. 55764,2
direccion,Av. Belisario Dom?nguez Pte. No. 501. Casi Esq. Av. Miguel Alem?n. Col. Bellavista. Cp. 37360,Av. Belisario Domínguez Pte. No. 501. Casi Esq. Av. Miguel Alemán. Col. Bellavista. Cp. 37360,5
direccion,Av. Costera Miguel Alem?n S/n. Esq. Juan Serrano (interior Mercado el Pueblito Local 11). Col. Fracc. Magallanes. Cp. 39670,Av. Costera Miguel Alemán S/n. Esq. Juan Serrano (interior Mercado el Pueblito Local 11). Col. Fracc. Magallanes. Cp. 39670,5
direccion,Av. L?zaro Cardenas 316. Esq. Benito Ju?rez. Col. Ventura Puente. Cp. 58020,Av. Lázaro Cardenas 316. Esq. Benito Juárez. Col. Ventura Puente. Cp. 58020,185
direccion,Perif. Paseo de la Rep?blica 495. Entre Durango y Carlos G?lvez Betancourt. Col. Isaac Arriaga. Cp. 58210,Perif. Paseo de la República 495. Entre Durango y Carlos Gálvez Betancourt. Col. Isaac Arriaga. Cp. 58210,115
direccion,Anastacio Bustamante 171. Entre Benito Ju?rez y Porfirio D?az. Col. Centro. Cp. 66400,Anastacio Bustamante 171. Entre Benito Juárez y Porfirio Díaz. Col. Centro. Cp. 66400,4
direccion,Dr. Enrique Cabrera No. 2846. Entre Rep?blica de Costa Rica y Rep?blica de Honduras. Col. Infonavit Humaya. Cp. 80020,Dr. Enrique Cabrera No. 2846. Entre República de Costa Rica y República de Honduras. Col. Infonavit Humaya. Cp. 80020,8
direccion,Segunda 67. Entre Emiliano Zapata y Antonio Soto D?az y Gama. Col. Palo Verde. Cp. 83280,Segunda 67. Entre Emiliano Zapata y Antonio Soto Díaz y Gama. Col. Palo Verde. Cp. 83280,4
direccion,Ignacio Zaragoza No. 7533. Esq. Benito Ju?rez. Col. Centro. Cp. 86000,Ignacio Zaragoza No. 7533. Esq. Benito Juárez. Col. Centro. Cp. 86000,24
direccion,Salvador D?az Mir?n No. 203. Entre Fray Andrés de Olmos y Benito Ju?rez. Col. Zona Centro. Cp. 89000,Salvador Díaz Mirón No. 203. Entre Fray Andrés de Olmos y Benito Juárez. Col. Zona Centro. Cp. 89000,16
direccion,Agust?n de Iturbide 794. Entre Carmen Serdan y Ricardo Flores Mag?n. Col. Centro. Cp. 91700,Agustín de Iturbide 794. Entre Carmen Serdan y Ricardo Flores Magón. Col. Centro. Cp. 91700,4
direccion,Ram?n L?pez Velarde 327. Entre de Correa y Santa Rosa (frente al Hospital San José). Col. Centro. Cp. 98000,Ramón López Velarde 327. Entre de Correa y Santa Rosa (frente al Hospital San José). Col. Centro. Cp. 98000,783
direccion,Av. Mexiquense S/n Nave 4 Bodega 23. Int. Central de Abasto Tultitl?n. Col. Villas de San José. Cp. 54900,Av. Mexiquense S/n Nave 4 Bodega 23. Int. Central de Abasto Tultitlán. Col. Villas de San José. Cp. 54900,24
direccion,Juan de Montoro 101. Esq. Cristobal Colon a Un Costado de Delegaci?n Profeco Aguascalientes. Col. Centro. Cp. 20000,Juan de Montoro 101. Esq. Cristobal Colon a Un Costado de Delegación Profeco Aguascalientes. Col. Centro. Cp. 20000,494
direccion,Av. 20 de Noviembre No. 2609. Esq. Calle 28. Col. Pac?fico. Cp. 31020,Av. 20 de Noviembre No. 2609. Esq. Calle 28. Col. Pacífico. Cp. 31020,747
direccion,Defensa Popular 89. Esq. Liberaci?n Nacional. Col. 2 de Octubre. Cp. 31375,Defensa Popular 89. Esq. Liberación Nacional. Col. 2 de Octubre. Cp. 31375,4
direccion,Posada Pompa 1588. Esq. Av. Adolfo L?pez Mateos. Col. Melchor Ocampo. Cp. 32250,Posada Pompa 1588. Esq. Av. Adolfo López Mateos. Col. Melchor Ocampo. Cp. 32250,1156
direccion,Reforma 424 Entre Santa Mar?a e Isauro Venzor. Col. Porfirio D?az. Cp. 34260,Reforma 424 Entre Santa María e Isauro Venzor. Col. Porfirio Díaz. Cp. 34260,20
direccion,Av. Nicol?s Romero Nave 5 Local 7. Interior de la Central de Abasto Atizap?n. Col. Exhacienda del Pedregal. Cp. 52947,Av. Nicolás Romero Nave 5 Local 7. Interior de la Central de Abasto Atizapán. Col. Exhacienda del Pedregal. Cp. 52947,4
direccion,México 305 Entre Rep. de Guatemala y Rep. de Honduras. Col. Américas C?rdenas. Cp. 50130,México 305 Entre Rep. de Guatemala y Rep. de Honduras. Col. Américas Cárdenas. Cp. 50130,3
direccion,5 de Mayo No. 218. Entre Blvd. Adolfo L?pez Mateos y Pedro Moreno. Col. Zona Centro. Cp. 37000,5 de Mayo No. 218. Entre Blvd. Adolfo López Mateos y Pedro Moreno. Col. Zona Centro. Cp. 37000,1175
direccion,Av. Miguel Alem?n No. 140. Entre Alvaro Obreg?n y Josefa Ort?z de Dom?nguez. Col. Zona Centro. Cp. 37000,Av. Miguel Alemán No. 140. Entre Alvaro Obregón y Josefa Ortíz de Domínguez. Col. Zona Centro. Cp. 37000,2855
direccion,Av. Costera Miguel Alem?n 1638. Esq. Ant?n Alaminos. Col. Fracc. Magallanes . Cp. 39670,Av. Costera Miguel Alemán 1638. Esq. Antón Alaminos. Col. Fracc. Magallanes . Cp. 39670,769
direccion,Arag?n y Le?n 6 Local C y D Esq. Mariano Matamoros. Col. Centro. Cp. 62000,Aragón y León 6 Local C y D Esq. Mariano Matamoros. Col. Centro. Cp. 62000,243
direccion,Av. Prolongaci?n Tulum Mz.- 8 Lt.- 1. Esq. Av. Miguel Hidalgo. Col. Supermanzana 67. Cp. 77500,Av. Prolongación Tulum Mz.- 8 Lt.- 1. Esq. Av. Miguel Hidalgo. Col. Supermanzana 67. Cp. 77500,20
direccion,Garc?a Diego 400. Esq. Mariano ?vila. Col. Valle de Tequisquiapan. Cp. 78230,García Diego 400. Esq. Mariano Ávila. Col. Valle de Tequisquiapan. Cp. 78230,4
direccion,Salvador D?az Mir?n 419. Esq. Dr. Carlos Canseco. Col. Cascajal. Cp. 89280,Salvador Díaz Mirón 419. Esq. Dr. Carlos Canseco. Col. Cascajal. Cp. 89280,4
direccion,Av. Belisario Dom?nguez No. 223. Entre Justo Sierra y Ju?rez. Col. Centro. Cp. 37000,Av. Belisario Domínguez No. 223. Entre Justo Sierra y Juárez. Col. Centro. Cp. 37000,393
direccion,Blvd. Belisario Dom?nguez 2875. Entre Bugambilias y Ciro Farrera. Col. Flamboyant. Cp. 29056,Blvd. Belisario Domínguez 2875. Entre Bugambilias y Ciro Farrera. Col. Flamboyant. Cp. 29056,308
direccion,Heriberto Frias 1107. Esq. ?ngel Urraza. Col. del Valle. Cp. 03100,Heriberto Frias 1107. Esq. Ángel Urraza. Col. del Valle. Cp. 03100,3619
direccion,Av. del Taller No. 502. Esq. Doctor Nic?las Le?n. Col. Jard?n Balbuena. Cp. 15900,Av. del Taller No. 502. Esq. Doctor Nicólas León. Col. Jardín Balbuena. Cp. 15900,5
direccion,Ju?rez 309 Sur. Casi Esq. 20 de Noviembre (frente a la Plaza de Armas). Col. Centro. Cp. 34000,Juárez 309 Sur. Casi Esq. 20 de Noviembre (frente a la Plaza de Armas). Col. Centro. Cp. 34000,423
direccion,Avenida Central 65. Entre ?guila y Paricut?n. Col. Josefa Ortiz de Dominguez. Cp. 55117,Avenida Central 65. Entre Águila y Paricutín. Col. Josefa Ortiz de Dominguez. Cp. 55117,4090
direccion,5 de Mayo No. 309. Esq. Blvd. a. L?pez Mateos. Col. Centro. Cp. 37000,5 de Mayo No. 309. Esq. Blvd. a. López Mateos. Col. Centro. Cp. 37000,553
direccion,Francisco I. Madero 226. Entre Hermenigildo Galeana y Vicente Su?rez. Col. Centro. Cp. 64000,Francisco I. Madero 226. Entre Hermenigildo Galeana y Vicente Suárez. Col. Centro. Cp. 64000,1099
direccion,Av. Abraham Linconl S/n. Esq. Ma. de Jes?s Candia. Col. San Jorge. Cp. 64330,Av. Abraham Linconl S/n. Esq. Ma. de Jesús Candia. Col. San Jorge. Cp. 64330,621
direccion,Av. Pages Llergo No. 123. Entre Tulipanes y Estatuto Jur?dico. Col. Adolfo Lopez Mateos. Cp. 86040,Av. Pages Llergo No. 123. Entre Tulipanes y Estatuto Jurídico. Col. Adolfo Lopez Mateos. Cp. 86040,1018
direccion,Int. Mercado Emlio S?nchez Piedras Local 279. Entre Emilio S?nchez Piedras y Lira y Ortega. Col. Centro. Cp. 90000,Int. Mercado Emlio Sánchez Piedras Local 279. Entre Emilio Sánchez Piedras y Lira y Ortega. Col. Centro. Cp. 90000,4
direccion,Calle 65. N?emero 463. Entre Calle 54 a y 52. Col. Centro. Cp. 97000,Calle 65. Núemero 463. Entre Calle 54 a y 52. Col. Centro. Cp. 97000,193
direccion,Calle del Ideal No. 206. Entre Félix u. G?mez y Yanguas. Col. Centro. Cp. 98000,Calle del Ideal No. 206. Entre Félix u. Gómez y Yanguas. Col. Centro. Cp. 98000,4
direccion,D?az Mir?n 115. Esq. Fray Andrés de Olmos. Col. Centro. Cp. 89000,Díaz Mirón 115. Esq. Fray Andrés de Olmos. Col. Centro. Cp. 89000,296
direccion,Reyna Ixtlix?chitl S/n. Entre Mixtecas y Totonacas. Col. Ajusco. Cp. 04300,Reyna Ixtlixóchitl S/n. Entre Mixtecas y Totonacas. Col. Ajusco. Cp. 04300,95
direccion,Constituci?n de 1824 No. 18. Entre Plan Sexenal y Plan de Guadalupe. Col. San Lorenzo la Cebada. Cp. 16035,Constitución de 1824 No. 18. Entre Plan Sexenal y Plan de Guadalupe. Col. San Lorenzo la Cebada. Cp. 16035,4
direccion,Valle Grande No. 91. Esq. Valle del Valle del Yang-tse. Col. Valle Arag?n 1a. Secci?n. Cp. 57100,Valle Grande No. 91. Esq. Valle del Valle del Yang-tse. Col. Valle Aragón 1a. Sección. Cp. 57100,3
direccion,Av. Valle del Yang-tse No. 211. Casi Esquina Valle de Santiago. Col. Valle de Arag?n 1a. Secci?n. Cp. 57100,Av. Valle del Yang-tse No. 211. Casi Esquina Valle de Santiago. Col. Valle de Aragón 1a. Sección. Cp. 57100,3
direccion,Av. Fuente del Tauro No. 33. Entre Isla de los Cedros e Isla Ceil?n. Col. Fuentes del Valle. Cp. 54910,Av. Fuente del Tauro No. 33. Entre Isla de los Cedros e Isla Ceilán. Col. Fuentes del Valle. Cp. 54910,4
direccion,Blvd. Hermanos Aldama No. 4102 (int. Modulo I Loc. 11). Int. Ceda Le?n. Col. Ciudad Industrial. Cp. 37490,Blvd. Hermanos Aldama No. 4102 (int. Modulo I Loc. 11). Int. Ceda León. Col. Ciudad Industrial. Cp. 37490,306
direccion,Himalaya 711-c. Entre Cord. Central y Cord. del Marquez. Col. Lomas 4a. Secci?n. Cp. 78216,Himalaya 711-c. Entre Cord. Central y Cord. del Marquez. Col. Lomas 4a. Sección. Cp. 78216,3
direccion,Norma Corona Sapiens 3120. Esq. Besubio. Col. Rinc?n del Humaya. Cp. 80058,Norma Corona Sapiens 3120. Esq. Besubio. Col. Rincón del Humaya. Cp. 80058,3
direccion,Blvd. Luis Encinas J. 55. Esq. Benito Ju?rez. Col. Centro. Cp. 83000,Blvd. Luis Encinas J. 55. Esq. Benito Juárez. Col. Centro. Cp. 83000,872
direccion,Guadalajara 501-c. Entre Clavel y Gardemia. Col. Jard?n. Cp. 89260,Guadalajara 501-c. Entre Clavel y Gardemia. Col. Jardín. Cp. 89260,4
direccion,Mariano Abasolo 1037. Entre Ursulo Galv?n y Gonz?lez Pages. Col. Centro. Cp. 91700,Mariano Abasolo 1037. Entre Ursulo Galván y González Pages. Col. Centro. Cp. 91700,4
direccion,Armada de México 572. Entre Av. Miguel Alem?n y Calzada de la Armada de México. Col. Floresta. C.p. 91940,Armada de México 572. Entre Av. Miguel Alemán y Calzada de la Armada de México. Col. Floresta. C.p. 91940,437
direccion,Av. Miguel Alem?n No. 2879. Entre Calle 4 y Abelardo Rodr?guez. Col. Fracc. Floresta. Cp. 91778,Av. Miguel Alemán No. 2879. Entre Calle 4 y Abelardo Rodríguez. Col. Fracc. Floresta. Cp. 91778,444
direccion,Av. Cochimies No. 18480 Int. 821d. Entre Mar de Cortés y Av. Puente Miguel Alem?n Valdez. Col. Guaycura. Cp. 22216,Av. Cochimies No. 18480 Int. 821d. Entre Mar de Cortés y Av. Puente Miguel Alemán Valdez. Col. Guaycura. Cp. 22216,206
direccion,Tecnol?gico 2701. Int. Plaza Juarez. Col. del Marquez. Cp. 32607,Tecnológico 2701. Int. Plaza Juarez. Col. del Marquez. Cp. 32607,160
direccion,Canal de Miramontes No. 2671. Entre Calle Lira y Agapando. Col. Prado Coyoac?n. Cp. 04810,Canal de Miramontes No. 2671. Entre Calle Lira y Agapando. Col. Prado Coyoacán. Cp. 04810,471
direccion,Reyna Ixtlix?chitl No. 104. Entre Mixtecas y Totonacas. Col. Ajusco. Cp. 04300,Reyna Ixtlixóchitl No. 104. Entre Mixtecas y Totonacas. Col. Ajusco. Cp. 04300,4
direccion,Atlixco 100 l-a. Entre Vicente Su?rez y Campeche. Col. Hipodromo Condesa. Cp. 06170,Atlixco 100 l-a. Entre Vicente Suárez y Campeche. Col. Hipodromo Condesa. Cp. 06170,192
direccion,Poniente 140 No. 237. Entre Norte 27 y Norte 25 a. Col. Lindavista Vallejo Iii Secci?n. Cp. 07720,Poniente 140 No. 237. Entre Norte 27 y Norte 25 a. Col. Lindavista Vallejo Iii Sección. Cp. 07720,396
direccion,Amalia No.173. Entre C. Sa?l y Av. Henry Ford. Col. Guadalupe Tepeyac. Cp. 07840,Amalia No.173. Entre C. Saúl y Av. Henry Ford. Col. Guadalupe Tepeyac. Cp. 07840,4
direccion,Joselito Huerta Mza. 1 Lte. 58. Entre Genaro V?zquez y Cda. Jacarandas. Col. San Miguel Teotongo. Cp. 09630,Joselito Huerta Mza. 1 Lte. 58. Entre Genaro Vázquez y Cda. Jacarandas. Col. San Miguel Teotongo. Cp. 09630,3
direccion,Jose L?pez Portillo Mza. 52 Lte. 18. Casi Esq. Fresno. Col. San Miguel Teotongo. Cp. 09630,Jose López Portillo Mza. 52 Lte. 18. Casi Esq. Fresno. Col. San Miguel Teotongo. Cp. 09630,3
direccion,Calle Puente No. 186. Esq. Prolongaci?n. Col. Amsa. Cp. 14380,Calle Puente No. 186. Esq. Prolongación. Col. Amsa. Cp. 14380,3240
direccion,Constituci?n de 1824 S/n. Entre Plan de la Noria y Plan de Tuxtepec. Col. San Lorenzo la Cebada. Cp. 16035,Constitución de 1824 S/n. Entre Plan de la Noria y Plan de Tuxtepec. Col. San Lorenzo la Cebada. Cp. 16035,4
direccion,Luis Echeverria Alvarez S/n. Esq. Fundadores. Local 45. Int. Central de Abastos. Col. San Ram?n. Cp. 25020,Luis Echeverria Alvarez S/n. Esq. Fundadores. Local 45. Int. Central de Abastos. Col. San Ramón. Cp. 25020,15
direccion,Av. Adolfo L?pez Mateos 4-a. Int. Central de Abasto Atizap?n. Col. Exhacienda del Pedregal. Cp. 52948,Av. Adolfo López Mateos 4-a. Int. Central de Abasto Atizapán. Col. Exhacienda del Pedregal. Cp. 52948,55
direccion,Av. Francisco I. Madero S/n. Esq. Plan de Ayala. Col. Revoluci?n. Cp. 56370,Av. Francisco I. Madero S/n. Esq. Plan de Ayala. Col. Revolución. Cp. 56370,3
direccion,Blvd. de los Aztecas 36-3a. Entre Iztaccihuatl y Tepoxteco. Col. Cd. Azteca 3a. Secci?n. Cp. 55120,Blvd. de los Aztecas 36-3a. Entre Iztaccihuatl y Tepoxteco. Col. Cd. Azteca 3a. Sección. Cp. 55120,25
direccion,Av. Plazas de Arag?n No. 6a. Esq. Plaza del Estudiante. Col. Plazas de Arag?n. Cp. 57139,Av. Plazas de Aragón No. 6a. Esq. Plaza del Estudiante. Col. Plazas de Aragón. Cp. 57139,4
direccion,Bosque de las Casaurinas S/n. Esq. Bosques de los Cedros. Col. los Héroes Tec?mac. Cp. 55764,Bosque de las Casaurinas S/n. Esq. Bosques de los Cedros. Col. los Héroes Tecámac. Cp. 55764,3
direccion,Blvd. Hermanos Aldama No. 4102 (modulo C Complementarios Loc. 43). Int. Ceda Le?n. Col. Ciudad Industrial. Cp. 37490,Blvd. Hermanos Aldama No. 4102 (modulo C Complementarios Loc. 43). Int. Ceda León. Col. Ciudad Industrial. Cp. 37490,100
direccion,Perif. Paseo de la Rep?blica 3352. Esq. Av. Camelinas. Col. Oculusen. Cp. 58270,Perif. Paseo de la República 3352. Esq. Av. Camelinas. Col. Oculusen. Cp. 58270,3288
direccion,Francisco I. Madero 614. Entre Mar?a Carmen S?nchez y Manuel S?nchez M?rmol. Col. Centro. Cp. 86000,Francisco I. Madero 614. Entre María Carmen Sánchez y Manuel Sánchez Mármol. Col. Centro. Cp. 86000,225
direccion,Av. Ruiz Cortinez S/n. Entre Prolongaci?n Mina y R?o Oxolot?n. Col. Casa Blanca. Cp. 86060,Av. Ruiz Cortinez S/n. Entre Prolongación Mina y Río Oxolotán. Col. Casa Blanca. Cp. 86060,2
direccion,69 N?emero 551. Entre 66 y 64. Col. Centro. Cp. 97000,69 Núemero 551. Entre 66 y 64. Col. Centro. Cp. 97000,4
direccion,Benito Juarez 8. Entre Pedro Ruiz Gonz?lez y Fernando Pamanes Escobedo. Col. la Fe. Cp. 98615,Benito Juarez 8. Entre Pedro Ruiz González y Fernando Pamanes Escobedo. Col. la Fe. Cp. 98615,4
direccion,Av. Francisco I. Madero S/n. Int. Mercado 20 de Noviembre. Col. Revoluci?n. Cp. 56370,Av. Francisco I. Madero S/n. Int. Mercado 20 de Noviembre. Col. Revolución. Cp. 56370,1
direccion,Gobernador Curiel 3323 Loc. 25. Int.mcdo.felipe Angeles Miravalle. Col. Higuerillas 1a. Secci?n. Cp. 44990,Gobernador Curiel 3323 Loc. 25. Int.mcdo.felipe Angeles Miravalle. Col. Higuerillas 1a. Sección. Cp. 44990,17
direccion,Av. José Mar?a Ch?vez No. 461. Esq. Ignacio T. Ch?vez. Col. Zona Centro. Cp. 20000,Av. José María Chávez No. 461. Esq. Ignacio T. Chávez. Col. Zona Centro. Cp. 20000,5
direccion,Prol. D?az Ordaz Km. 14.5. Int. Plaza Jardines. Col. Jardines de la Mesa. Cp. 22680,Prol. Díaz Ordaz Km. 14.5. Int. Plaza Jardines. Col. Jardines de la Mesa. Cp. 22680,3083
direccion,Ildefonso Green 119. Entre Manifiesto de las Playitas y Francisco J. M?jica. Col. Revoluci?n 2. Cp. 23075,Ildefonso Green 119. Entre Manifiesto de las Playitas y Francisco J. Mújica. Col. Revolución 2. Cp. 23075,5
direccion,Av. Dolores Hidalgo No. 205 Local 60. Entre Tamazula y Apatzingan (int. Mercado San Felipe de Jes?s). Col. San Felipe de Jes?s. Cp. 07510,Av. Dolores Hidalgo No. 205 Local 60. Entre Tamazula y Apatzingan (int. Mercado San Felipe de Jesús). Col. San Felipe de Jesús. Cp. 07510,3
direccion,Canal de R?o Churubusco S/n. Bodega e 001. Int. Central de Abasto. Col. Central de Abasto. Cp. 09040,Canal de Río Churubusco S/n. Bodega e 001. Int. Central de Abasto. Col. Central de Abasto. Cp. 09040,274
direccion,Hawai 256 Loc. 10. Col. Ocean?a Boulevares. Cp. 25290,Hawai 256 Loc. 10. Col. Oceanía Boulevares. Cp. 25290,4
direccion,Av. Central con Blvd. José Lopez Portillo S/n. Entre Av. de las Bombas y Lecher?a Texcoco. Col. Santa Cruz Venta de Carpio. Cp. 55060,Av. Central con Blvd. José Lopez Portillo S/n. Entre Av. de las Bombas y Lechería Texcoco. Col. Santa Cruz Venta de Carpio. Cp. 55060,56
direccion,Jardin Allende 113. Entre Ignacio Lopez Rayon y 27 de Septiembre. Col. Obreg?n. Cp. 37320,Jardin Allende 113. Entre Ignacio Lopez Rayon y 27 de Septiembre. Col. Obregón. Cp. 37320,5
direccion,Blvd. Hilario Medina 4710. Entre Front?n y Tenis. Col. Unidad Deportiva 1. Cp. 37237,Blvd. Hilario Medina 4710. Entre Frontón y Tenis. Col. Unidad Deportiva 1. Cp. 37237,4
direccion,Blvd. Manuel J. Clouthier No. 302. Entre Blvd. Bosques del Campestre y Felipe B. Mart?nez Chapa. Col. Fraccionamiento Predio R?stico Cerro Gordo. Cp. 37125,Blvd. Manuel J. Clouthier No. 302. Entre Blvd. Bosques del Campestre y Felipe B. Martínez Chapa. Col. Fraccionamiento Predio Rústico Cerro Gordo. Cp. 37125,4181
direccion,Blvd. Hermanos Aldama 4102 (int. Bodega L Loc. 5. 6 y 7). Int. Ceda Le?n. Col. Ciudad Industrial. Cp. 37490,Blvd. Hermanos Aldama 4102 (int. Bodega L Loc. 5. 6 y 7). Int. Ceda León. Col. Ciudad Industrial. Cp. 37490,55
direccion,Santos Degollado S/n Local 1. Esq. No Reelecci?n. Col. Centro. Cp. 62000,Santos Degollado S/n Local 1. Esq. No Reelección. Col. Centro. Cp. 62000,560
direccion,Los Pinos 3520. Entre Av. Aztl?n y las Colinas. Col. Burocratas Moctezuma. Cp. 64240,Los Pinos 3520. Entre Av. Aztlán y las Colinas. Col. Burocratas Moctezuma. Cp. 64240,4
direccion,M?rtires de Chicago No. 8. Entre Plut?n y Dolores Larios. Col. Infonavit 1ro. de Mayo. Cp. 68027,Mártires de Chicago No. 8. Entre Plutón y Dolores Larios. Col. Infonavit 1ro. de Mayo. Cp. 68027,301
direccion,20 de Noviembre Mz. 22. Esq. Av. Prolongaci?n Kabah. Col. Supermanzana 222. Cp. 77517,20 de Noviembre Mz. 22. Esq. Av. Prolongación Kabah. Col. Supermanzana 222. Cp. 77517,23
direccion,Benito Ju?rez. Esq. J. Méndez. Col. Centro. Cp. 89000,Benito Juárez. Esq. J. Méndez. Col. Centro. Cp. 89000,292
direccion,Blvd. Loma Real 102. Entre Cañada y Huasteca. Col. Jes?s El?as Piña. Cp. 89365,Blvd. Loma Real 102. Entre Cañada y Huasteca. Col. Jesús Elías Piña. Cp. 89365,5
direccion,D?az Mir?n 314. Entre Aduana y Ju?rez. Col. Centro. Cp. 89000,Díaz Mirón 314. Entre Aduana y Juárez. Col. Centro. Cp. 89000,227
direccion,Congreso de la Uni?n No. 44. Int. Mercado 53 R?o Blanco. Pasillo 8a. Col. M?rtires de R?o Blanco. Cp. 07880,Congreso de la Unión No. 44. Int. Mercado 53 Río Blanco. Pasillo 8a. Col. Mártires de Río Blanco. Cp. 07880,1
direccion,Av. Gustavo Baz No. 230. Entre Av. Hacienda de la Encarnaci?n y Calz. San Agust?n. Col. Echegaray. Cp. 53300,Av. Gustavo Baz No. 230. Entre Av. Hacienda de la Encarnación y Calz. San Agustín. Col. Echegaray. Cp. 53300,510
direccion,Exhacienda de Portales S/n. Nave 8 Bodega 4. Int. Central de Abasto Tultitl?n. Col. Villas de San Jose. Cp. 54900,Exhacienda de Portales S/n. Nave 8 Bodega 4. Int. Central de Abasto Tultitlán. Col. Villas de San Jose. Cp. 54900,13
direccion,Exhacienda de Portales S/n Nave 5 Bodega 13. Central de Abasto Tultitl?n. Col. Villas de San Jose. Cp. 54910,Exhacienda de Portales S/n Nave 5 Bodega 13. Central de Abasto Tultitlán. Col. Villas de San Jose. Cp. 54910,63
direccion,Ciricote. Mz.32. Lt.01 Local 17 y 18. Jab?n 9 y Chaca. Col. Sm.- 23. Cp. 77500,Ciricote. Mz.32. Lt.01 Local 17 y 18. Jabín 9 y Chaca. Col. Sm.- 23. Cp. 77500,23
direccion,Cristobal Col?n No. 645. Entre Av. Paseo de la Cruz y Alba. Col. Barrio del Encino. Cp. 20240,Cristobal Colón No. 645. Entre Av. Paseo de la Cruz y Alba. Col. Barrio del Encino. Cp. 20240,4
direccion,Av. Azcapotzalco No. 439. Entre Aquiles Elourdy y Pino Su?rez. Col. el Recreo. Cp. 02770,Av. Azcapotzalco No. 439. Entre Aquiles Elourdy y Pino Suárez. Col. el Recreo. Cp. 02770,4
direccion,Reyna Ixtlix?chitl No. 349. Casi Esq. Nayaritas. Col. Ajusco. Cp. 04300,Reyna Ixtlixóchitl No. 349. Casi Esq. Nayaritas. Col. Ajusco. Cp. 04300,4
direccion,Isidro L?pez Zertuche 1255. Esq. Blvd. Francisco Coss. Col. Fracc. Universidad. Cp. 25000,Isidro López Zertuche 1255. Esq. Blvd. Francisco Coss. Col. Fracc. Universidad. Cp. 25000,44
direccion,Luis Echeverria Alvarez S/n. Esq. Fundadores. Central de Abastos. Col. San Ram?n. Cp. 25020,Luis Echeverria Alvarez S/n. Esq. Fundadores. Central de Abastos. Col. San Ramón. Cp. 25020,154
direccion,Calz. de los Jinetes 155. Entre Av. Prolongaci?n Parque de los Pajaros y Retorno del Condor. Col. las Arboledas. Cp. 52950,Calz. de los Jinetes 155. Entre Av. Prolongación Parque de los Pajaros y Retorno del Condor. Col. las Arboledas. Cp. 52950,2064
direccion,Bosques de Canakry No. 207. Esq. Av. Universidad Nacional. Col. Bosques de Arag?n. Cp. 57170,Bosques de Canakry No. 207. Esq. Av. Universidad Nacional. Col. Bosques de Aragón. Cp. 57170,830
direccion,Pedro Cortes S/n Esq. Benito Ju?rez Nte.. Col. Barrio de Zopilocalco Sur. Cp. 50050,Pedro Cortes S/n Esq. Benito Juárez Nte.. Col. Barrio de Zopilocalco Sur. Cp. 50050,4
direccion,De las Fuentes 309. Entre Fuentes de Cleo y Av. José L?pez Portillo. Col. Fuentes del Valle. Cp. 54910,De las Fuentes 309. Entre Fuentes de Cleo y Av. José López Portillo. Col. Fuentes del Valle. Cp. 54910,4
direccion,5 de Mayo 119 y 121. Madero y Alvaro Obreg?n. Col. Zona Centro. Cp. 37000,5 de Mayo 119 y 121. Madero y Alvaro Obregón. Col. Zona Centro. Cp. 37000,211
direccion,Av. Costera Miguel Alem?n 243. Esq. Tadeo Arredondo Villanueva. Col. Centro. Cp. 39300,Av. Costera Miguel Alemán 243. Esq. Tadeo Arredondo Villanueva. Col. Centro. Cp. 39300,2753
direccion,Profesor Moisés S?enz 423. Entre Silao y Sim?n Bol?var. Col. Mitras Centro. Cp. 64460,Profesor Moisés Sáenz 423. Entre Silao y Simón Bolívar. Col. Mitras Centro. Cp. 64460,781
direccion,Av. Ju?rez 2503. Esquina Calle 25 Sur. Col. la Paz. Cp.72160,Av. Juárez 2503. Esquina Calle 25 Sur. Col. la Paz. Cp.72160,745
direccion,Av. Diagonal Tulum S/n. Entre Puerto Ju?rez y Calle 46. Col. Sm. 75. Cp. 77527,Av. Diagonal Tulum S/n. Entre Puerto Juárez y Calle 46. Col. Sm. 75. Cp. 77527,4
direccion,Benito Ju?rez No. 202. Esq. Av. Jes?s Siquieros. Col. Jes?s Garc?a. Cp. 83140,Benito Juárez No. 202. Esq. Av. Jesús Siquieros. Col. Jesús García. Cp. 83140,4
direccion,D?az Mir?n 210. Esq. Juaréz. Col. Centro. Cp. 89000,Díaz Mirón 210. Esq. Juaréz. Col. Centro. Cp. 89000,85
direccion,Int. Mercado Emilio S?nchez Piedras Loc. 278. Emilio S?nchez Piedras Esq. Alonso Escalona. Col. Centro. Cp. 90000,Int. Mercado Emilio Sánchez Piedras Loc. 278. Emilio Sánchez Piedras Esq. Alonso Escalona. Col. Centro. Cp. 90000,5
direccion,Calle 83 N?mero 515. Entre Calle 72 y 74. Col. Centro. Cp. 97000,Calle 83 Número 515. Entre Calle 72 y 74. Col. Centro. Cp. 97000,4
direccion,Norte 64-a No. 3705. Esq. Oriente 87. Col. M?rtires de R?o Blanco. Cp. 07880,Norte 64-a No. 3705. Esq. Oriente 87. Col. Mártires de Río Blanco. Cp. 07880,1
direccion,Benito Ju?rez Mza. 5 Lte. 3. Entre Lerdo de Tejada y 18 de Marzo. Col. San Miguel Teotongo. Cp. 09630,Benito Juárez Mza. 5 Lte. 3. Entre Lerdo de Tejada y 18 de Marzo. Col. San Miguel Teotongo. Cp. 09630,1
direccion,Calle 27 Manuel G?mez Morin No. 4430. Esq. e. Urueta. Col. San Rafael. Cp. 31060,Calle 27 Manuel Gómez Morin No. 4430. Esq. e. Urueta. Col. San Rafael. Cp. 31060,5
direccion,Av. Miguel ?ngel de Quevedo No. 443. Entre Av. Melchor Ocampo y Psi. Col. Monte de Piedad. Cp. 04310,Av. Miguel Ángel de Quevedo No. 443. Entre Av. Melchor Ocampo y Psi. Col. Monte de Piedad. Cp. 04310,4413
direccion,Av. Canal de R?o Churubusco S/n. Col. Central de Abasto. Cp. 09040,Av. Canal de Río Churubusco S/n. Col. Central de Abasto. Cp. 09040,233
direccion,Av. Muyuguarda S/n. Esq. Constituc?on de 1824. Col. San Lorenzo la Cebada. Cp. 16035,Av. Muyuguarda S/n. Esq. Constitucíon de 1824. Col. San Lorenzo la Cebada. Cp. 16035,18
direccion,Blvd. Miner?a No. 208. Esq. Calle Gambusinos. Col. Bonanza. Cp. 25296,Blvd. Minería No. 208. Esq. Calle Gambusinos. Col. Bonanza. Cp. 25296,20
direccion,Avenida Central S/n. a Un Costado de Farmacia San Pablo. Col. Bosques de Arag?n. Cp. 57170,Avenida Central S/n. a Un Costado de Farmacia San Pablo. Col. Bosques de Aragón. Cp. 57170,24
direccion,Av. Hacienda de la Gavia No. 23b. Esq. Hacienda Tapaxco. Col. Impulsora Popular Av?cola. Cp. 57130,Av. Hacienda de la Gavia No. 23b. Esq. Hacienda Tapaxco. Col. Impulsora Popular Avícola. Cp. 57130,4
direccion,Valle del Danubio No. 91. Esq. Valle del Yang-tse. Col. Valle Arag?n 1a. Secci?n. Cp. 57100,Valle del Danubio No. 91. Esq. Valle del Yang-tse. Col. Valle Aragón 1a. Sección. Cp. 57100,3
direccion,Av. Valle del Volga No. 270. Esq. Valle de Finalledo. Col. Valle Arag?n 1a. Secci?n. Cp. 57100,Av. Valle del Volga No. 270. Esq. Valle de Finalledo. Col. Valle Aragón 1a. Sección. Cp. 57100,3
direccion,Ignacio L?pez Ray?n 210. Entre Av. Independencia y Primero de Mayo. Col. Centro. Cp. 50000,Ignacio López Rayón 210. Entre Av. Independencia y Primero de Mayo. Col. Centro. Cp. 50000,188
direccion,Jes?s Gonz?lez Ortega 312. Entre Blvd. Isidro Fabela e Isabel la Cat?lica. Col. Reforma y Ffcc. Nacionales. Cp. 50090,Jesús González Ortega 312. Entre Blvd. Isidro Fabela e Isabel la Católica. Col. Reforma y Ffcc. Nacionales. Cp. 50090,4
direccion,Blvd. Hermanos Aldama No. 4102 (int. Modulo C Loc. 29 y 30). Int. Ceda Le?n. Col. Ciudad Industrial. Cp. 37490,Blvd. Hermanos Aldama No. 4102 (int. Modulo C Loc. 29 y 30). Int. Ceda León. Col. Ciudad Industrial. Cp. 37490,16
direccion,Calle Lechuguilla No. 152-a. Esq. Antonio de Villarreal. Col. Nicol?s Romero. Cp. 58258,Calle Lechuguilla No. 152-a. Esq. Antonio de Villarreal. Col. Nicolás Romero. Cp. 58258,3
direccion,Solidaridad 350. Esq. Soriana R?o. Col. Felix Ireta. Cp. 58070,Solidaridad 350. Esq. Soriana Río. Col. Felix Ireta. Cp. 58070,1068
direccion,Degollado 4-a. Entre Matamoros y No Reelecci?n. Col. Centro. Cp. 62000,Degollado 4-a. Entre Matamoros y No Reelección. Col. Centro. Cp. 62000,5
direccion,Silao No. 1411. Entre Av. Prof. Moisés S?enz y Ojuela. Col. Mitras Centro. Cp. 64460,Silao No. 1411. Entre Av. Prof. Moisés Sáenz y Ojuela. Col. Mitras Centro. Cp. 64460,20
direccion,Av. Central Oriente Poniente No. 4. Esq. Av. Central Norte Sur. Col. u. H. Ricardo Flores Mag?n. Cp. 68025,Av. Central Oriente Poniente No. 4. Esq. Av. Central Norte Sur. Col. u. H. Ricardo Flores Magón. Cp. 68025,4
direccion,Teofilo Noris 1421. Frente a Plaza Forum. Col. Desarrollo Urbano Tres R?os. Cp. 80020,Teofilo Noris 1421. Frente a Plaza Forum. Col. Desarrollo Urbano Tres Ríos. Cp. 80020,522
direccion,Paseo R?o Sonora No. 37a Sur. Esq. Blvd. Solidaridad. Col. Proyecto R?o Sonora. Cp. 83289,Paseo Río Sonora No. 37a Sur. Esq. Blvd. Solidaridad. Col. Proyecto Río Sonora. Cp. 83289,160
direccion,Salvador D?az Mir?n No. 2279. Casi Esq. Sim?n Bolivar. Col. Moderno. Cp. 91918,Salvador Díaz Mirón No. 2279. Casi Esq. Simón Bolivar. Col. Moderno. Cp. 91918,4
direccion,Callej?n Curtidores No. 23 . Esq. Vialidad Arroyo de la Plata. Col. Centro. Cp. 98600,Callejón Curtidores No. 23 . Esq. Vialidad Arroyo de la Plata. Col. Centro. Cp. 98600,4
direccion,Exhacienda de Portales S/n Nave 4 Bodega 15. Int. Central de Abasto Tultitl?n. Col. Villas de San José. Cp. 54900,Exhacienda de Portales S/n Nave 4 Bodega 15. Int. Central de Abasto Tultitlán. Col. Villas de San José. Cp. 54900,29
direccion,Exhacienda de Portales S/n. Nave 2 Bodega 20-21. Int. Central de Abasto Tultitl?n. Col. Villas de San Jose. Cp. 54900,Exhacienda de Portales S/n. Nave 2 Bodega 20-21. Int. Central de Abasto Tultitlán. Col. Villas de San Jose. Cp. 54900,16
municipio,Oaxaca de Ju?rez,Oaxaca de Juárez,21026
municipio,Cuautitl?n Izcalli,Cuautitlán Izcalli,12808
municipio,Acapulco de Ju?rez,Acapulco de Juárez,25390
municipio,Tonal?,Tonalá,7742
municipio,Tec?mac,Tecámac,8
municipio,San Luis Potos?,San Luis Potosí,25120
municipio,Benito Ju?rez,Benito Juárez,72321
municipio,San Nicol?s de los Garza,San Nicolás de los Garza,8229
municipio,Ju?rez,Juárez,27452
municipio,Cuautitl?n,Cuautitlán,6960
municipio,Nezahualc?yotl,Nezahualcóyotl,10737
municipio,Naucalpan de Ju?rez,Naucalpan de Juárez,33911
municipio,Atizap?n,Atizapán,391
municipio,Coyoac?n,Coyoacán,31116
municipio,Santa Cruz Xoxocotl?n,Santa Cruz Xoxocotlán,2546
municipio,Culiac?n,Culiacán,3366
municipio,Boca del R?o,Boca del Río,9943
municipio,Atizap?n de Zaragoza,Atizapán de Zaragoza,13553
municipio,Tultitl?n,Tultitlán,7759
municipio,?lvaro Obreg?n,Álvaro Obregón,17435
municipio,Le?n,León,63968
